"Num","ID","is_Original","Flair","num_comments","Title","Subreddit","Body","URL","Upvotes","Comments","creation_date"
"0","8uao3i","False","Ask Mexico","457","Korean here","mexico","You're welcome. Have fun in the World Cup.

edit: please stop gilding this, this is not gild worthy.","https://www.reddit.com/r/mexico/comments/8uao3i/korean_here/","10556","Why are Mexicans so excited that Germany lost?  ","2018-06-27 15:45:55"
"1","5qxoft","False","Imagenes","681","20% trump tax ...","mexico","","https://i.reddituploads.com/f2e6e6d922874d4cae13b5c70b98c5d0?fit=max&h=1536&w=1536&s=3b49aa37f5a7f54c3b61ece1c672e1f9","7794","Not quite...  if the price goes up to 120 then we'd just buy them from Costa Rica or Colombia or another place. ","2017-01-30 01:25:00"
"2","7gz096","False","Imagenes","252","This is Javier Duarte. He stole $55,000,000,000 from our state of Veracruz and gave fake medicine to children with cancer.","mexico","","https://imgur.com/a/xHq8m","7693","Fuck, that review is as bad as it gets xd

Hes fuckin bad ass ","2017-12-01 23:26:47"
"3","5qq9td","False","","428","¿ a cuanta gente triggearia si la bandera Mexicana llegara r/all ?","mexico","","http://www.gob.mx/cms/uploads/article/main_image/10832/IMG_0067.jpg","7123","Construir la pared diez pies más alto! ","2017-01-28 22:15:30"
"4","5qi9zu","False","Imagenes","536","Buenos días r/all! Are you ready for the high energy?","mexico","","https://i.redd.it/9og3lw4tdacy.jpg","6093","Nice try Patrick Miller ","2017-01-27 17:08:39"
"5","8rru3m","False","","152","‘No mameees’","mexico","","https://v.redd.it/wd4dr6770l411","5355","Ella no sabe el nombre de 3 jugadores, alguien la llevo
De vacaciones  ","2018-06-17 15:42:16"
"6","61juuy","False","Imagenes","433","And some, I assume, are good people.","mexico","","https://scontent.ftij1-1.fna.fbcdn.net/v/t1.0-0/p480x480/17498419_1759579387386365_3942132025622720714_n.jpg?oh=90c4c78f3091a2e45ce8042f2b9ba603&oe=594EB849","5207","Bringing drugs? To Mexico? A tad redundant, surely. ","2017-03-26 04:20:41"
"7","g2ns10","False","Imágenes","203","Los dos Méxicos","mexico","","https://i.redd.it/6nskdom0x8t41.jpg","5017","El clasismo en su máxima expresión ","2020-04-16 21:12:25"
"8","gv627a","False","Humor :snoo_smile:","323","Siguenle, polis. La población se está empezando a unir contra un enemigo mutuo.","mexico","","https://i.redd.it/3756piftlh251.jpg","4304","neta, aqui en mexico está bien.

La cagaste? Que prefieres? Pagar multa para que funcionarios se claven la feria o darle un apoyo economico a un policia que seguramente le vas a pagar la cena a su familia por una cagazon tuya?


Yo veo WIN-WIN cuando le das moche a la policia XD

Ami por lo general ni me paran y cuando me paran es porque realmente la cague. Nadie es perfecto pero prefiero darle dinero a un transito malpagado todo asoleado que a un pinche diputado que ya se queda con mis impuestos. ","2020-06-02 12:02:53"
"9","eblvln","False","Ask Mexico","234","Mexican iPhone found in Kraków, Poland.","mexico"," ¡Hola!

I found an iPhone (SE A1723) in Christmas fair on Market Square in Kraków, Poland. It's locked and offline, the language is set to Spanish. I found Telcel SIM card inside and contacted them, but they couldn't help. I know that chances are very slim but it's a small world, so maybe you happen to know amigo or amiga who lost his or her iPhone recently?","https://www.reddit.com/r/mexico/comments/eblvln/mexican_iphone_found_in_kraków_poland/","3484","Dont care ","2019-12-16 21:57:05"
"10","61w6p0","False","Imagenes","216","Bad Hombres","mexico","","http://imgur.com/TrmyYsg","3245","Pésimo cómic. ","2017-03-28 00:46:03"
"11","g34di3","False","Anuncio","52","2020","mexico","","https://i.redd.it/ss208j6jeet41.jpg","3197","se rompieron la cabeza haciendo el anuncio ＼(＾▽＾)／ ","2020-04-17 15:40:12"
"12","erye8f","False","Imagenes","141","Once you're in Tlaxcala, you never escape from tlaxcala","mexico","","https://i.redd.it/3o0zfeyl86c41.jpg","3031","Welcome, to Tlaxcala Hills, once you enter, nobody will hear you scream ","2020-01-21 18:01:46"
"13","gawz8f","False","Imágenes","192","Un poco de representación de México en Animal Crossing","mexico","","https://i.redd.it/amg4yi7swyv41.jpg","2839","we que pedo con este juego infantil? todos los soyas de reddit lo juegan nms debe de haber una relacion entre baja testostera y que te gusten los juegos de nintendo para niños jajaja ","2020-04-30 14:45:45"
"14","gt89f2","False","Imagenes","176","Sudafricano aquí viviendo en la CDMX. Hoy hice tacos al pastor con salsa y tortillas caseras","mexico","","https://i.imgur.com/O7mV2ty.jpg","2823","Imagino a que sabran esos tacos con un toque sudafricano. Cabron estamos en 40 y tu posteando esto !!! ","2020-05-30 04:45:18"
"15","fxanza","False","Videos","134","Esta señora sabe que pedo","mexico","","https://v.redd.it/ahsqj5bnomr41","2827","Jaja las hijas verijonas se pasa la doña. han de ser hermafroditas sus hijas o que pedo? Que presente una xD! ","2020-04-08 17:24:45"
"16","5supcf","False","Política","182","Sería una lástima que The_Donald viera este tweet de Trump en r/all de parte de r/México (﻿ ͡° ͜ʖ ͡°)","mexico","","https://twitter.com/realDonaldTrump/status/387309175866290176","2745","You're paying for the wall, hombre. ","2017-02-08 19:01:18"
"17","g50lne","False",":piolin: Meme","89","Así las cosas","mexico","","https://i.redd.it/rhiib9i991u41.jpg","2733","Curioso que los Rockefeller desde hace años le tiraban más a otras industrias y materiales (como el Litio). No iban a dejar que quedaran igual a los carboneros que aplastó el original. ","2020-04-20 20:30:57"
"18","4ngadx","False","Imágenes","308","¿Y si upvoteamos unos tacos para llegar a r/all ?","mexico","","https://thetacotrail.files.wordpress.com/2013/10/photo3.jpg","2717","We are gonna build a wall and make you pay for it! After these tacos ... ","2016-06-10 13:30:49"
"19","hen8fi","False","Humor :snoo_smile:","141","Hijodesupinchemadre 😂😂😂","mexico","","https://v.redd.it/it96ghrn7q651","2704","Cómo cuándo el presidente asegura que no se necesita  de arquitectos. ","2020-06-23 21:16:54"
"20","aierzm","False","Meme","246","Greetings from Bosnia. Just to let you know that your soap operas are really popular here","mexico","","https://i.redd.it/mn4ytj5uaub21.png","2691","Ahh pero los compas mexicanos publicamos y nos ignoran.

What do you think about huachicoleros?  ","2019-01-21 20:55:18"
"21","gu35ov","False","Imágenes","183","US embassy in CDM","mexico","","https://imgur.com/RGK8DJ3.jpg","2681","El racismo mata, dice el denunciante que no se fija en el ¿asiático? parado a un lado de este caso de brutalidad policiaca. O los otros Policías ¿de color?. ","2020-05-31 17:32:59"
"22","a1wxr7","False","Imágenes","95","Teotiwakanda","mexico","","https://i.redd.it/ro0k2xruij121.jpg","2679","Mexicans are technically native american.  (Aztecs) ","2018-11-30 21:59:14"
"23","gie6bf","False","Imágenes","65","El centro de la ciudad de Mexico despejado","mexico","","https://i.redd.it/5sfoqupoycy41.jpg","2637","si tan sólo existiera un virus que su Target sean todos los chairos en específico ","2020-05-12 16:09:36"
"24","gxi7cc","False","Imágenes","580","Mexico 🇲🇽","mexico","","https://i.redd.it/my0qt5rz67351.jpg","2599","Usando al primer mundo occidental como ejemplo la alternativa es comenzar estar perpetuamente ofendido por un numero cada vez mayor de cosas. ","2020-06-06 02:06:07"
"25","h98lib","False","Cultura :vsd:","80","El nuevo logo de r/mexico","mexico","","https://i.redd.it/d26enz3500551.png","2581","Que hueva... 😒😒 ","2020-06-15 04:04:17"
"26","e0wyyh","False","Imagenes","165","Hola, soy de Alemania y hecho una cosa","mexico","","https://i.redd.it/mtya9ayc4m041.png","2577","Dejen de Aprender INGLES!!! Y mejor aprendan lo que contiene esta [SEMILLA](https://youtu.be/m_FD1uCJP0g) que todos botan ala BASURA!!

[https://youtu.be/m\_FD1uCJP0g](https://youtu.be/m_FD1uCJP0g) ","2019-11-24 10:38:02"
"27","ges1b3","False","Imágenes","154","80’s Oxxo","mexico","","https://i.redd.it/gh9is2f1h7x41.jpg","2565","Ahora son una plaga ","2020-05-06 20:37:38"
"28","d1cf4r","False","Imagenes","66","Economía mexicana","mexico","","https://i.imgur.com/PhOLPRO.jpg","2555","r/wokekids


r/im14andthisisdeep ","2019-09-08 15:35:38"
"29","g6cejk","False","Imágenes","103","Dibuje al Palacio de bellas artes :)","mexico","","https://i.redd.it/7vg40ag3kgu41.jpg","2497","Aquí vamos de nuevo... ","2020-04-22 23:58:27"
"30","f7bz7p","False","Humor :snoo_smile:","145","🤔","mexico","","https://i.redd.it/g3njlolqgai41.jpg","2475","pongan unos con rostro prehispanico para que esten contentos los sureños. ","2020-02-21 14:39:17"
"31","ducvpp","False","Imagenes","124","Aesthethic","mexico","","https://i.redd.it/mg58zoirovx31.jpg","2418","/r/HailCorporate

wow, it's a convenience store that markets itself heavily in r/mexico. they sell pulparindo and beer, and have a 2x23 special on vickycheladas. take it to the top boys! anyone have any cool shots of nice and refreshing coca-cola products btw? ","2019-11-10 15:34:53"
"32","adyqzg","False","Imágenes","239","Plaza de México en Viena, Austria","mexico","","https://i.redd.it/j06zd0pkh9921.jpg","2383","Who is the good goy?   Oh that's Mexico.  ","2019-01-08 20:47:19"
"33","8q1l6w","False","Imagenes","332","Guadalajara Reddit Meetup Day 2018","mexico","","https://i.redd.it/e16h3ef917311.jpg","2374","AYYYYYYYYYYYYYYYY

EL PUTO CRINGE!!!!

EL PUTO CRINGE!!!!!!

Por eso evado como a la peste toda reunion de reddit ","2018-06-10 15:39:32"
"34","for9xd","False","Humor :snoo_smile:","104","Presi","mexico","","https://i.redd.it/wkaid8unxto41.jpg","2372","El Presidente Más Querido en el Mundo y el Más Odiado x los Derechangos VendePatrias! ","2020-03-25 14:32:46"
"35","g6qtaq","False","Humor :snoo_smile:","131","Doblaje al español Palmera Records","mexico","","https://v.redd.it/sk1ehkvlqlu41","2367","Gracias, me hiciste perderle el gusto al doblaje. ","2020-04-23 17:24:33"
"36","doaum1","False","Imagenes","74","Cosas que solo pasan en México","mexico","","https://i.redd.it/97j8hdkx1bv31.jpg","2303","Pues ¿novedoso? pues no, pero si muy ingenioso. ","2019-10-28 16:02:58"
"37","h8wwpt","False",":piolin: Meme","91","El compa no sabía lo que iba a ocasionar","mexico","","https://i.redd.it/ydi2jgxfkw451.jpg","2290","Cómo que ya enfadaron no? ","2020-06-14 16:31:05"
"38","dkklz1","False","Imagenes","298","Ahí te hablan, Morena.","mexico","","https://i.redd.it/4au4ny53mpt31.jpg","2273","S ","2019-10-20 14:52:44"
"39","gdqcbb","False","Imagenes","150","Goals 🤩🤩👌👌","mexico","","https://i.redd.it/scjkb3uw8vw41.jpg","2272","Being obese is a goal? ","2020-05-05 03:30:46"
"40","fh8inl","False","Cultura :vsd:","96","No sé quién necesite saber esto, pero...","mexico","","https://i.redd.it/7m6zm1zzb5m41.jpg","2243","tacos ","2020-03-12 01:40:20"
"41","bax6hm","False","Imágenes","200","Tacos","mexico","","https://i.redd.it/h4hny72y03r21.jpg","2243","Tortilla amarilla llena de aceite. Asco ","2019-04-08 18:18:56"
"42","gcb8hp","False","Humor :snoo_smile:","163","Sonic repartiendo tacos","mexico","","https://v.redd.it/e99rs60q9ew41","2226","Quien te dio permiso de publicar pendejadas? ","2020-05-02 18:25:27"
"43","gm9gkg","False","Imagenes","174","Maldita sea, México.","mexico","","https://i.redd.it/8awxvre62lz41.jpg","2219","Jaja los whitexicans no piensan así , es invento chairo moreno.

Saludos. ","2020-05-18 20:27:37"
"44","hdtwci","False","Videos","129","I’m not crying your crying","mexico","","https://v.redd.it/wgn8r0td6e651","2213","Le va a pegar el covid al viejito. ","2020-06-22 15:00:35"
"45","djnmrb","False","Meme","312","🔫🤠👌💰","mexico","","https://i.redd.it/4opdjpqwyat31.jpg","2217","I like ice cream and Donald Trump. ","2019-10-18 13:37:52"
"46","gpsv20","False","Imagenes","170","Triste realidad...","mexico","","https://i.redd.it/np98qk9srq051.jpg","2209","Sigan indicaciones en silencio dice!! jajaja

OBEY

Para mi el perro mexicano mamado esta en los 2, un por proactivo, la otra por no dejarse llevar por el miedo. ","2020-05-24 16:44:07"
"47","aj1koe","False","Imágenes","194","Hola 👋 yo soy el mero mero paletero con un Reddit.","mexico","","https://i.redd.it/y5pdyulbb7c21.jpg","2195","Quien te ah echo tanto daño ","2019-01-23 16:41:21"
"48","gop2a6","False","Humor :snoo_smile:","176","Basado en una historia real.","mexico","","https://i.redd.it/5dxfk90z1d051.png","2192","Y yo que me di una encerrona con un par de Milfs, que a mis 18 años ni me miraban. ","2020-05-22 18:36:40"
"49","g5te51","False","Imágenes","91","México en el estilo de Super Mario World","mexico","","https://i.redd.it/no4etms0bau41.png","2181","Baja California y Baja California Sur deberían estar más desérticos ","2020-04-22 02:58:28"
"50","fg27dj","False","Imagenes","206","Por un México sin violencia.","mexico","","https://i.redd.it/06m4k5fwspl41.jpg","2180","Que ganas de repetir lo de Hiroshima ","2020-03-09 21:26:34"
"51","guofdx","False","Imágenes","81","¡Ayer mi organización sin fines de lucro, GEMINI, pudo donar 20 N95, 100 overoles y 2000 nitrilo al IMSS-30 en Mexicali!","mexico","","https://i.redd.it/yptw9oi8zb251.jpg","2174","Ya con eso se acaba el covid, gracias we ","2020-06-01 17:07:28"
"52","elgcae","False","Imagenes","122","No es mucho, pero la entrada de la casa antigua de mis abuelos en Michoacán siempre me lleva a otro tiempo.","mexico","","https://i.redd.it/8piohz2gre941.jpg","2169","[removed] ","2020-01-07 19:29:13"
"53","fre1if","False",":piolin: Meme","177","Super smash Mexico","mexico","","https://i.redd.it/x0sbaum2nop41.jpg","2161","La neta si me imagino al 90% del sub jugando switch y tomando soylent... ","2020-03-29 21:48:40"
"54","gn1vxk","False",":piolin: Meme","42","Bien protegidos...","mexico","","https://i.redd.it/pxgcyau7otz41.jpg","2149","Que estupidez jaja. Obviamente los representantes de un país necesitan buena protección ya que en teoría son ""más importantes"" (en algunos casos eso se puede discutir), además cuentan con el dinero. Serían unos pendejos si cuentan con los recursos y no lo aprovechan

No es algo que solo pase en México, les aseguro que es así en todos los países del mundo ","2020-05-20 01:25:20"
"55","a3d2i9","False","Meme","285","Los italianos parecían estar de acuerdo","mexico","","https://i.redd.it/uziqju5m3c221.jpg","2128","Ah, pero muchas personas de patrimonio mexicano son americanos y cocinan comida mexicana. Y qué de eso?

Y la comida italiana es nada más de diferentes formas de pasta con diferentes salsas.

Fight me, cabrones. 
 ","2018-12-05 15:04:48"
"56","c45nzj","False","Humor :snoo_smile:","96","Relatividad mexicana","mexico","","https://i.redd.it/tn5zyclcb4631.jpg","2125","You can tell a Mexican made these meme because there really isn't much of a difference between now and right now.

If you say you are going to do something now, it means you are going to do it right now, not ""ahorita"". ","2019-06-23 14:39:56"
"57","71bt1x","False","Ask Mexico","34","Donaré un peso por cada arribavoto (hasta 2000 porque no estoy hecho de dinero). La mitad para Los Topos y la otra para Fundación Checo Pérez. Ofrezco garantía no bamboozle.","mexico","Pero más vale que todos los que arribavoten también donen. No sean ojetes.

Sugerencias para donar:

**Topos**
https://twitter.com/topos/status/908000616575680512

**Cruz Roja Mexicana**
https://cruzrojadonaciones.org/

**Fundación Checo Pérez**
https://twitter.com/SChecoPerez/status/910371421565718529

Edit: Mis dos donaciones hasta el momento: https://imgur.com/gallery/srirb

Edit 2: a ver, culeros. Tengo una hipoteca de 2.4 millones y dos hijos. Esto de pedir los arribavotos es para animarme a donar 2000 pesos (ya doné 200, 100 ayer y 100 hace dos horas). Antes de agarrar la hipoteca, donaba mucho más dinero pero, por ahora, 2000 es lo más que mi condición actual me lo permite.

Edit 3: ITT un chingo de ardidos que proyectan sus deficiencias.

Edit 4: La mamada de que piensan que lo hago por la fama o el karma. Borraré mi cuenta (no bamboozle) y borraré este post cuando les demuestre el depósito. Es un puto post para motivarme a donar más. Déjense de mamadas.

Edit 5: Me tomé la libertad de donar a la Cruz Roja mexicana en vez de la Fundación Checo Pérez. Aquí están los comprobantes:

https://imgur.com/KgnnKdE

https://imgur.com/GqKijt4

Edit 6: Había 2030 arribavotos al momento de hacer las donaciones. Ahora procedo a borrar mi cuenta para completar el no bamboozle.

¡Gracias a todos los que arribavotaron!","https://www.reddit.com/r/mexico/comments/71bt1x/donaré_un_peso_por_cada_arribavoto_hasta_2000/","2120","[deleted] ","2017-09-20 15:26:00"
"58","gsa0rb","False","Humor :snoo_smile:","87","Nadie quería admitirlo","mexico","","https://i.redd.it/dfmbazx2ej151.jpg","2115","que mamada ","2020-05-28 16:58:58"
"59","ftsqyj","False","Humor :snoo_smile:","33","México mágico","mexico","","https://i.redd.it/go8qhwnmhgq41.jpg","2105","Deberían estar cerrados en lugar de estas mamadas ","2020-04-02 19:28:09"
"60","gh2veu","False","Ask Mexico","277","Esta bien no querer a tu madre.","mexico","Esta bien no querer a tu madre. Se que vivimos en un país donde la figura de la madre es puesta en un pedestal, pero esta bien si tu no quieres a la tuya. 

Esta bien si no le hablas, no la visitas, no tienes contacto con ella, si eso ayuda a tu salud mental. No todas las madres son santas. 

Quizás el día de hoy sea difícil para ti, quizás sientas culpa por no expresar a los cuatro vientos tu amor y gratitud por tu madre, pero tus razones de hacerlo tienen completa validez. 

Quizás vas a leer a mucha gente que te dirá que una madre es lo más sagrado que existe, que darían todo por tenerla un día mas con ellos, pero quizás ese no es tu caso y eso esta bien.

Quizás sientes culpa por todo lo que te dio en tu infancia. Pero también puede que estés harto de los chantajes, la manipulación, etc y decidiste alejarte. Y esta bien. 

Esta bien si no quieres a tu madre.

Edit: Si necesitan apoyo, les recomiendo r/raisedbynarcissists, r/JUSTNOMIL/ y r/entitledparents. No estan solos.","https://www.reddit.com/r/mexico/comments/gh2veu/esta_bien_no_querer_a_tu_madre/","2097","Mira este wey con el unpopular opinión yo le digo que soy testigo de jeova ","2020-05-10 14:53:09"
"61","eoyv8e","False","Ciencia :pmdn:","112","Hola méxico. Me llamo Michael. Soy de austríaco. Hablo español un poquito. Estuve en Quintana Roo durante 3 semanas para bucear en cuevas. he hecho algunas fotos que quiero compartir contigo para que sepas que también es hermoso bajo tierra.","mexico","","https://i.redd.it/xxoqa66j3wa41.jpg","2099","Que mierdo ","2020-01-15 06:51:29"
"62","h7sq4j","False","Humor :snoo_smile:","74","R/Mexico hoy","mexico","","https://i.redd.it/u6w6ddipjj451.jpg","2081","Jaja muy chistoso ","2020-06-12 20:42:57"
"63","ete3l7","False","Imagenes","45","Almenos vivio bien","mexico","","https://i.redd.it/vk2tu37dorc41.jpg","2075","ugh, apesta a chilango esa foto ","2020-01-24 18:07:30"
"64","dgf93v","False","Imagenes","239","nice :-)","mexico","","https://i.redd.it/t7f6evzedvr31.jpg","2079","Pharma propaganda. Forced vaccinations are like forced poisoning. I'm glad a lot of Mexicans ignore this. People need to get educated about what is being put into their kids instead of simply trusting their government. Make your own choice, but don't force it on others. ","2019-10-11 13:34:08"
"65","gfbwvx","False","Imagenes","125","Broncowave","mexico","","https://imgur.com/0hnshx5","2075","¿Y qué tendría de malo que dos hombres fueran pareja, señor Gobernador?

Edit: ¿Por qué los bajivotos? ¿No que muy progres todos? ¿O se les olvida cuando apoyan a su simio norteño? ","2020-05-07 18:14:06"
"66","gxt1tq","False","Humor :snoo_smile:","158","Me IRL","mexico","","https://i.redd.it/hcvi7s1q6b351.jpg","2070","Buen edit ","2020-06-06 15:31:44"
"67","h0xl38","False","Videos","76","Mexico Magico y Acrobatico","mexico","","https://v.redd.it/uqhbtcmw07451","2046","Mínimo uno de 500 ","2020-06-11 11:32:08"
"68","gvwzzo","False","Imagenes","116","Amazing Susana Distancia #50: Susana Distancia No More!","mexico","","https://i.imgur.com/xvy2L8x.jpg","2051","Pinchi mascota culera ni mascara tenía ","2020-06-03 16:21:44"
"69","g94ifb","False","Tweet :tweet:","84","Ahora si c mamaron :'v","mexico","","https://i.redd.it/ekz2k1x25ev41.jpg","2044","La juventud es el agujero. Agujero sin fondo tristemente. ","2020-04-27 16:54:48"
"70","g3xkdo","False","Imágenes","39","r/MexicansBeingBros","mexico","","https://i.redd.it/e8yug0e8xnt41.jpg","2038","Solo el pueblo puede salvar al pueblo, toca apoyar que se ocupa, nada de andarle apostando al fracaso de México (almenos que esten moralmente derrotados). ","2020-04-18 23:42:03"
"71","dhxpi9","False","Imágenes","187","What do you guys think of my Mexican outfits I made in Red Dead Online?","mexico","","https://i.redd.it/ejfwtg7tuks31.jpg","2033","¿el subreddit de México está a cargo de los pochos o qué?
¡por lo menos pongan los títulos en español! no seas mamón ","2019-10-14 21:48:29"
"72","fi0rrz","False","Imágenes","119","En Veracruz también tenemos OXXO con vista al mar","mexico","","https://i.redd.it/0caz4bibdgm41.jpg","2032","La vista disminuye la enputada que te das cuando hay solo una caja abierta y las 5 personas enfrente de ti van a depositar o comprar tiempo aire. ","2020-03-13 14:48:39"
"73","g8kyka","False","Imagenes","135","Así mismo son las cosas","mexico","","https://i.redd.it/nj5zi845u7v41.jpg","2022","Jajaj /s ","2020-04-26 19:42:48"
"74","c90fov","False","Imagenes","108","Traditional Mexican Dress from Chiapas","mexico","","https://i.redd.it/yca3bd5n68831.jpg","2018","No pos wow! ","2019-07-04 09:11:08"
"75","h00oce","False","Humor :snoo_smile:","88","MaFia dEL pODeR!","mexico","","https://i.redd.it/jvesdcjzfz351.jpg","2012","Al parecer sólo aquí en Reddit son exitosos los moralmente derrotados porque en casi todas las demás redes les han dado sus palizas.
Aquí es su última fortificación jajaja ","2020-06-10 01:06:24"
"76","dptsbj","False","Tweet :tweet:","47","Tiene un punto válido.","mexico","","https://i.redd.it/p95932yowxv31.png","2011","Por fardos ","2019-10-31 20:54:36"
"77","hd848d","False",":piolin: Meme","51","Simulacro terminado","mexico","","https://i.redd.it/slkih53j0a651.jpg","2005","En simulacro de gobierno desde el 1 de diciembre del 2018. ","2020-06-21 14:47:39"
"78","egiirn","False","Imagenes","298","Hoy me hice ciudadano mexicano!","mexico","","https://i.redd.it/9dvuwnd3d9741.jpg","1997","Acaso quieres morir? Viejo ","2019-12-27 23:11:45"
"79","fcyrcl","False","Imagenes","87","Te lo dije cabrón","mexico","","https://i.redd.it/9k3tce841ik41.png","1998","Por que siempre estas con el pinche cellular en la mano! ","2020-03-03 18:14:38"
"80","f6dvih","False","Imagenes","168","Periódico veracruzano dedica portada a la rifa del avión presidencial","mexico","","https://i.redd.it/c5zhmy66zwh41.jpg","1991","Lo de Fátima ha dejado en claro que la verdadera oposición está en la izquierda. Alzar la voz para que se solucione esta situación sería reportar sobre las marchas, protestas. Meter presión convocando a más movilizaciones, no aventando periodicazos dramatizados como este. 

La verdadera oposición al presidente está en las calles, con las ‘feminazis’ que andan rayando todo. ","2020-02-19 17:17:41"
"81","az5aqg","False","Imagenes","53","Taxco, Guerrero","mexico","","https://i.redd.it/uc9lsbv7g4l21.jpg","1988","En Taxco viví el asalto a un joyeria la verdad no se como se llama exactamente, fue hace como 10 años no estoy seguro pero creo que fue esto:

[https://www.elsiglodedurango.com.mx/noticia/321528.plagian-a-dueno-de-joyeria.html](https://www.elsiglodedurango.com.mx/noticia/321528.plagian-a-dueno-de-joyeria.html) ","2019-03-09 16:40:36"
"82","ezy928","False","Imagenes","204","¡Hola r/mexico! Soy un ilustrador de Aguascalientes ¿Estarían interesados en una historia inspirada en folklore mexicano?","mexico","","https://i.redd.it/i7k96dzv2df41.jpg","1973","Algo me dice que lo haras a pesar de nosotros ","2020-02-06 20:15:02"
"83","h8f3qj","False","Imágenes","105","Gelatina de piña en forma de piña, les manda saludos mi mamá","mexico","","https://i.redd.it/2i63jk3olq451.jpg","1929","Gracias! Dile que la veo en la noche! ","2020-06-13 20:27:00"
"84","foa14u","False","Imagenes","65","😸","mexico","","https://i.imgur.com/1cTkTXY.jpg","1925","Como me gustaba hacer eso de morrio. ","2020-03-24 18:17:03"
"85","c7x0qk","False","Humor :snoo_smile:","42","Preguntas pendejas","mexico","","https://i.redd.it/s81rjtrleq731.jpg","1915","Lol, excelente 😂 ","2019-07-01 18:01:30"
"86","fp7vsw","False","OC","69","I made the Mexican flag for Animal Crossing","mexico","","https://i.redd.it/pgw3vkbf8zo41.jpg","1914","Nunca entendí porque les gusta ese jueguito para niños de 5-10 años. Es como los fans de My Little Pony? ","2020-03-26 08:22:01"
"87","h0frre","False","Ciencia :pmdn:","34","Padrino Antonio!","mexico","","https://i.redd.it/3f49xvdtx2451.jpg","1914","y por que pones el meme en ingles, que ri di cu lo ","2020-06-10 17:37:07"
"88","501q0o","False","Imágenes","58","Lets upvote Juan gabriel to the frontpage!!","mexico","","https://i.redd.it/5suw5s6767ix.jpg","1907","[removed] ","2016-08-28 22:13:28"
"89","cq4kvy","False","Imagenes","87","Magia mexicana: Un quetzal volando, su silueta asemeja al de una serpiente emplumada.","mexico","","https://i.redd.it/mim1lmnkbcg31.jpg","1906","parece un ganso ","2019-08-14 04:16:49"
"90","bb7q0v","False","Meme","123","Mi querido Tenochtitlán (X-Post de r/historymemes)","mexico","","https://i.redd.it/puprcm7em8r21.jpg","1896","Thanks Spain ","2019-04-09 13:07:00"
"91","9z3anr","False","Ask Mexico","165","I just wanted to express my appreciation for your wonderful country","mexico","I, a Scotsman, recently visited your beautiful nation, spending a month travelling around (Mexico City, Tijuana and Guadalajara) with my friend and had an amazing time. As a people you are warm, funny, friendly, accommodating and fun. I am trying to learn Spanish (my grandmother that I was very close to, was from Spain, emigrating from Malaga, and taught me a little as a child)
and everyone that I met was very kind when listening to my terrible accent and pronunciations. The food was amazing, the music was amazing, the alcohol was incredible. We had many great evenings spent in the company of incredible people. I've been back for a few days and I cannot wait to visit once again, going to other cities that I did not see and experiencing more of your culture.

It really saddens me that people from the UK and US see the news stories about the cartels and things like that, and it makes them too worried to visit Mexico. I felt safe the entire time that I was there and as I said, I can't wait to go back. I've been lurking on this subreddit for a few days and for whatever reason, I've decided to make this post to express my appreciation for your country and countrymen/women, some of the best people that I have ever met. 

Thank you for your hospitality. I always had an appreciation for the culture of your country over the years but now I have a deep fondness for your nation as a whole.

(I'm sorry that I did not write this in Spanish but I figured that it would have been an incomprehensible mess if I did)

Edit: A very kind user translated my post into Spanish and advised me to post it. Here it is:



***Solo queria expresar mi aprecio por su maravilloso pais. Yo, un escoces, visite su hermoso pais recientemente, pase un mes viajando (Ciudad de Mexico, Tijuana, y Guadalajara) con un amigo, y la pasamos muy bien. La gente es calida, graciosa, amigable, hospitalaria, y divertida. Estoy tratando de aprender Espa~ol (mi abuela, con quien fui muy apegado, era de Espa~a, emigrando de Malaga, y me ense~o un poco de ni~o) y a toda la gente que conoci fueron muy lindos escuchando mi acento y pronunciaciones terribles. La comida fue grandiosa, las musica, y el alcohol increible. Tuvimos muchas noches en compa~ia de gente hermosa. Regrese hace unos dias y no puedo esperar mucho tiempo para visitarlos de nuevo, visitare otras ciudades que no vi y voy a aprender mas de su cultura. Me da tristeza que la gente de Reino Unido Y Estados Unidos ven las historias sobre los carteles y cosas asi, y nos da temor visitar Mexico. Me senti seguro todo el tiempo que estuve alli, y como dije, no ya quiero ir a visitarlos de nuevo. He estado viendo este subreddit por algunos dias y por cualquier razon, he decidido publicar esto para mostrar mi aprecio a su pais y a sus ciudadanos/ciudadanas, unas de las mejores personas que he conocido.

","https://www.reddit.com/r/mexico/comments/9z3anr/i_just_wanted_to_express_my_appreciation_for_your/","1901","Mexico is like porter potty at a truck stop that hasn't been cleaned in weeks  ","2018-11-21 13:40:29"
"92","arxqje","False","Imagenes","184","Please visit Mexico","mexico","","https://i.redd.it/bs3tifh17ch21.jpg","1900","Please visit so that they can kidnap me and take my organs.  Yea, I'll pass.  

/s

 ","2019-02-18 14:27:08"
"93","g5kboa","False",":piolin: Meme","83","Eso sí es un Super-Poder.","mexico","","https://i.redd.it/5oqkdcluo7u41.png","1892","Me decepcionan r/Mexico, estoy empezando a pensar que son puro fifi que pide comida a domicilio a diario. ","2020-04-21 18:09:57"
"94","gyj639","False","Imágenes","140","Lo encontré en twitter","mexico","","https://i.redd.it/grgmtq0wmj351.jpg","1886","nononono no maricones... Solo son empleados, es diferente...Bueno un poco tambien. ","2020-06-07 19:56:36"
"95","ejmfry","False","Imagenes","120","Ya estuvo","mexico","","https://i.imgur.com/wo9sx19.jpg","1881","Somos la nada, yuhuu ","2020-01-03 21:54:08"
"96","aexaq7","False","","79","Mientras tanto en alguna gasolinera de México...","mexico","","https://v.redd.it/o46pwl7mqt921","1865","Perro Fifi. A ser ser neoliberal. ","2019-01-11 16:54:26"
"97","g3sjeh","False",":pp: Opinión","100","""Las mascarillas N-95 deberían ser para los médicos. No para políticos.""","mexico","","https://i.redd.it/gt4i0nj9fmt41.jpg","1850","Jugándole al abogado del diablo es capaz de que esas son las únicas que consiguieron. ","2020-04-18 18:38:51"
"98","gpiwzu","False","Imagenes","130","Sudafricano aquí viviendo en la CDMX. Hoy hice tamales (verdes, de mole, de rajas y dulces) y atole","mexico","","https://i.imgur.com/vj1HGwC.jpg","1848","[deleted] ","2020-05-24 03:53:08"
"99","g1vk56","False","Videos","281","Un oso merodeando por mi ciudad (Mty)","mexico","","https://v.redd.it/01ombl1kf0t41","1837","Que haces si ves a un oso negro?

Lo matas a puñaladas. ","2020-04-15 16:42:06"
"100","ea8h5h","False","Imagenes","51","Un chilito mamado","mexico","","https://i.imgur.com/n7oz6BM.jpg","1841","Hes flexing ","2019-12-13 19:21:30"
"101","gvgvrc","False","Imagenes","160","Al final ""Susana Distancia"" no fue derrotada por su archienemigo C0V2, sino por los mismos mexicanos que intentaba salvar","mexico","","https://i.imgur.com/s6cPsBp.jpg","1835","escuchen...putetes

osea. u se acabó el ""Halloween"" covid

ya. callense al respecto.

simplemente fue una práctica. ","2020-06-02 22:00:05"
"102","dd6oe4","False","Imágenes","73","No contaban con mi | S T A N D |","mexico","","https://i.redd.it/alnei5cmpiq31.jpg","1832","Repost ","2019-10-04 12:27:33"
"103","f1s6so","False","Imagenes","94","No creó que así sea como funcione...","mexico","","https://i.redd.it/b6dpm6gnb4g41.jpg","1822","r/wooooosh ","2020-02-10 15:51:47"
"104","ggjtkk","False","Humor :snoo_smile:","298","Conoce a tu Norteño.","mexico","","https://i.redd.it/8x33a7kwzrx41.jpg","1817","Imagina ser mexicano, y comer tortillinas tía roza como si fueran tortillas de verdad con todo, DIOS IMAGINA MANDAR AL NIÑO POR TORTILLAS Y QUE COMPRE TORTILLINAS 

Dios alguien por favor envangelice a los norteños enserio no saben el pecado que cometen ","2020-05-09 17:38:59"
"105","cokphk","False","Imagenes","92","Mexicanos ganan 2 medallas de bronce en la Olimpiada Internacional de Informática","mexico","","https://i.redd.it/y29arjsxlnf31.jpg","1809","Si lo que importa es el petroleo... 🙄😜 ","2019-08-10 17:10:43"
"106","h88u2m","False","Imagenes","80","¿Todavía aceptan gelatinas? Dice mi mamá que les diga que es de durazno con yogurt","mexico","","https://i.redd.it/pkzhqvxtwo451.jpg","1799","""Dice mi mamá"" es latino af ","2020-06-13 14:45:23"
"107","gpf9o3","False","Imagenes","145","México magico","mexico","","https://i.redd.it/uhgqrosopl051.jpg","1799","Robando memes como gente color carton ","2020-05-23 23:43:27"
"108","awadzz","False","Imagenes","93","Mexican mariachi. From Guadalajara, Jalisco","mexico","","https://i.redd.it/36930whjzkj21.jpg","1797","If that bull wasn’t tied to the trailer, she would be in the hot zone. Even then, I still wouldn’t stand in the poke zone.  ","2019-03-01 22:08:57"
"109","ep686r","False","Imagenes","144","When a Tourist is trying to find an Authentic Mexican Taco Bell.","mexico","","https://i.redd.it/6l3gfetdkza41.jpg","1786","No he probado Taco Bell pero se que los auténticos tacos solo los encuentras en México y llenos de smog. ","2020-01-15 18:33:46"
"110","ext33i","False","Humor :snoo_smile:","93","Vivo ahí","mexico","","https://i.redd.it/p58g730w4ke41.jpg","1794","El que hizo esto, de seguro vive en una zona urbana del EdoMex, que hace años sus padres invadieron, sin pagar el terreno, y luego exigieron tener servicios pero sin pagar un peso.

Y luego se queja de que no es verde, ya que la tierra está salitrosa por haber sido el fondo de un lago salado. Y de que su casa se carcome por el salitre. ","2020-02-02 18:54:08"
"111","fyny2e","False","Humor :snoo_smile:","55","¿Así o más claro?","mexico","","https://i.redd.it/8qvbjxxtu1s41.jpg","1791","la gran estafa del siglo

> **La contaminación del aire en China causa 1,1 millones de muertes cada año, según una investigación**

> Dos contaminantes del aire, PM 2.5 y el ozono troposférico, son responsables de la muerte de 1,1 millones de personas al año en China, y causan daños económicos por valor de 267.000 millones de yuanes (38.800 millones de dólares), según una nueva investigación realizada por la Universidad China de Hong Kong (CUHK por sus siglas en inglés).

Entre las muertes anuales estimadas se encuentran alrededor de 1000 residentes de Hong Kong.

https://es.theepochtimes.com/la-contaminacion-del-aire-en-china-causa-11-millones-de-muertes-cada-ano-segun-una-investigacion_376443.html ","2020-04-10 20:23:53"
"112","d9aa7s","False","Imagenes","118","Y nos andamos quejando","mexico","","https://i.redd.it/247h4li1cto31.jpg","1788","Sin animo de ofender a nadie a quien le guste, se respeta, pero me da asco el sushi de México. Claro que nunca he probado personalmente el original, pero pues conozco la receta y nada que ver, digamos que si algún día lo pruebo no me va a gustar tampoco, quien sabe, pero el que venden aquí definitivamente no me gusta. ","2019-09-25 22:02:59"
"113","ag8sdo","False","Imagenes","80","Monterrey 6:40 am","mexico","","https://i.imgur.com/8xnUKSi.jpg","1788","Ah ok ","2019-01-15 14:02:38"
"114","b3m88x","False","Imagenes","91","Había mucho tráfico.","mexico","","https://i.redd.it/8yk9ayzggen21.jpg","1779","I dont speak french  ","2019-03-21 04:28:04"
"115","gstmt2","False",":piolin: Meme","61","¡Corte!","mexico","","https://i.redd.it/72un0qpbop151.jpg","1775","No entiendo porque esto tiene tantos upvotes ","2020-05-29 14:07:05"
"116","cvqotp","False","Imágenes","82","Regreso a clases, foto de Omar Martinez.","mexico","","https://i.redd.it/00l2a2cloti31.jpg","1770","Me entristece que las ventanas tienen que estar protegidas ","2019-08-26 16:52:00"
"117","dmgcgx","False","Imagenes","84","El póster de Alfa Romeo para el Gran Premio de México","mexico","","https://i.redd.it/risxzowuphu31.jpg","1766","[deleted] ","2019-10-24 13:23:38"
"118","cn3l4d","False","Noticias","117","Abelardo visito a su primo Big Bird","mexico","","https://i.redd.it/rld04jc6xze31.jpg","1764","Y el chiste lo subes a parte o que? ","2019-08-07 09:30:40"
"119","dquwmr","False","Imágenes","44","""el guardián del Inframundo con la flor de los muertos""","mexico","","https://i.redd.it/wyunqmh10ew31.jpg","1759","Perla de aquí sacaste la imagen?, sucia redditor secreta... ","2019-11-03 03:01:51"
"120","bul3v3","False","Imágenes","64","Tortuconchas. 💚","mexico","","https://i.redd.it/n8ndodyz58131.jpg","1755","Estas madres no se chingam si las envuelven en plastico? ","2019-05-29 22:19:54"
"121","ge0c2f","False","Deportes :aguigol:","80","You will never be as cool as Hugo Sanchez","mexico","","https://v.redd.it/ulpjd1g56yw41","1748","Cocaine ","2020-05-05 15:56:24"
"122","flvqbo","False",":piolin: Meme","92","Hice un meme.","mexico","","https://i.redd.it/7duwmja76un41.png","1745","NO ES JUSTO!!!!  Estados Unidos y paises de Europa estan siendo destruidos por el coronavirus y deciden bajar el valor del peso siendo que Mexico no tiene tantos casos del coronavirus   ????????!!!!!!!   Mexico no puede seguir permitiendo que otros paises manipulen el valor de la moneda Mexicana cada ves que ellos se encuentran al borde de una recesion economica!!! ","2020-03-20 14:16:31"
"123","gyeu9n","False","Cultura :vsd:","113","1930's Mexico","mexico","","https://v.redd.it/jbe37wphfi351","1744","mexico, de san luis para abajo (inclusive) desde tiempo inmemorial  ... que pena que se prestaran a vender la idea ","2020-06-07 15:55:14"
"124","harwbc","False","Imágenes","102","La frontera de Mexicali por la noche","mexico","","https://i.redd.it/bv3dotrnah551.jpg","1741","[deleted] ","2020-06-17 14:12:45"
"125","bz0fzj","False","Humor :snoo_smile:","133","Rosa de Guadalupe Densetsu","mexico","","https://v.redd.it/c0z39pfgak331","1727","íEs hora de la chancla! ","2019-06-10 17:11:31"
"126","gwtxmr","False","Humor :snoo_smile:","54","Taco de res","mexico","","https://i.redd.it/ad3qyviekz251.jpg","1724","no robes mi idea 😠 ","2020-06-05 00:27:01"
"127","gzoald","False","Ask Mexico","579","Qué pedo con la gelatina en México?","mexico","Soy británico y algo que no entiendo de México es su fascinación con la gelatina.

En la fonda, gelatina, si te enfermas, gelatina, hasta pastel de gelatina lleno de gelatina hay.

En mi país solo es para los niños. Nunca comí tanta gelatina como en tierras mexicanas.","https://www.reddit.com/r/mexico/comments/gzoald/qué_pedo_con_la_gelatina_en_méxico/","1719","Uy perdona por no ser exactamente como TU esperabas, pero no te sientas mal, a mi me da un chingo de asco todo lo de UK pinche comida como de prisionero. ","2020-06-09 14:33:35"
"128","gbo6ml","False","Videos","216","Hola,soy japonesa y he vivido en México por 6 meses. A mi me encanta México mucho🇲🇽💕 yo creí un video de México con mis memorias de 🇲🇽😍","mexico","","https://youtu.be/a3GgDDXQYSw","1716","https://www.instagram.com/p/B_qo9lyFLxB/?igshid=1lz9sb3luu1j5 ","2020-05-01 19:04:49"
"129","ga1dhm","False","Imagenes","293","Cerveza tan culera que nadie la toca en la cuarentena","mexico","","https://i.redd.it/nxs0fclo7ov41.jpg","1719","Esa y la tecate en cualquiera de sus presentaciones. ","2020-04-29 02:47:16"
"130","d53hpw","False","Imágenes","55","Congratulations to the Mexican people on the occasion of the great Independence Day of Mexico","mexico","","https://i.redd.it/7c3wy357kzm31.jpg","1715","It's not Cinco de Mayo. ","2019-09-16 16:57:45"
"131","fw9tlh","False","Imagenes","49","En Monclova, Coahuila un popular vendedor y su fiel mascota no pueden parar de trabajar, así que ellos salen a la calle asi:","mexico","","https://i.redd.it/nvcr8qkubar41.jpg","1712","Jajajaja, me pregunto a cuanta gente contagiara antes de cuarentenarse 😂😂😂😂😂 ","2020-04-06 23:49:13"
"132","9ruo8t","False","Imágenes","92","Arte callejero","mexico","","https://i.imgur.com/b1S1yhn.jpg","1708","Yea let's go back to mass sacrifices, molding skulls etc. ","2018-10-27 14:32:29"
"133","gcz98i","False",":piolin: Meme","58","IMSS compra ventiladores a Manuel Bartlett (abril 2020).","mexico","","https://i.redd.it/ilgrnimwgmw41.jpg","1704","IMSS. -No están muy caros, que se mueran los neñeros de Ecatepec . ","2020-05-03 22:06:22"
"134","fgpl7i","False","Gastronomía :sabritas:","187","En Chihuahua tenemos queso en forma de Chihuahua.","mexico","","https://i.redd.it/j3qecfw2byl41.jpg","1706","Durango tiene el mejor queso menonita del país. ","2020-03-11 02:02:47"
"135","c8rhb4","False","Meme","62","sudden Zapata","mexico","","https://i.redd.it/jbndv4uhq4831.jpg","1703","Pancho Villa: 100 ","2019-07-03 18:13:06"
"136","cm2t2s","False","Imagenes","44","r/Mexico leaks into r/AskPhysics","mexico","","https://i.redd.it/0eakj9n0hie31.jpg","1695","r/whitepeopleareweird ","2019-08-04 22:49:43"
"137","aah08n","False","Imagenes","107","Iglesia en Zamora, Michoacán.","mexico","","https://i.redd.it/1wv3y8drm4721.jpg","1696","Mamalona pero tambien pone en perspectiva el efecto Oz, osea la iglesia Catolica ","2018-12-29 02:19:29"
"138","fz9kan","False","Humor :snoo_smile:","185",":(","mexico","","https://i.redd.it/fpl8toc8z7s41.jpg","1692","No mamen, creo soy el único güey en la playa, cáiganle esta solo ","2020-04-11 16:58:57"
"139","gqejir","False","Rant :snoo_tableflip::table_flip:","298","¿Las reglas del sub no aplican a los moderadores?","mexico","En las reglas está:

6.- Solo se permiten 3 publicaciones en 24 horas, por usuario.

Pero el usuario, y moderador, frevueltas ha llegado a publicar hasta 10 posts en menos de 24 horas. 

Sólo hoy ha publicado:

1. IMSS admite desabasto de medicamentos para cáncer - hace 2 horas
2. El escándalo de la Universidad de Hidalgo y la UIF - hace 2 horas
3. Se está forma el gobierno federal creará 2 millones de empleos - hace 2 horas
4. Se desploman exportaciones 40.9% en abril, la caída más fuerte en 34 años - hace 2 horas
5. ""No somos trogloditas"", defiende Bartlett acuerdo. Afirma que las empresas distorsionan discurso - hace 3 horas
6. AMLO reconoce que en México se perderán 1 millón de empleos por Covid - hace 17 horas
7. La pandemia agrava la precariedad de madres de desaparecidos - hace 17 horas
8. Atentan contra hija de María Elena Ferral, periodista asesinada en Veracruz - hace 17 horas

Y pues, no sé. Siempre nos estamos quejando de la corrupción y de lo mal que se hacen las cosas en el país pero al parecer ni un simple grupo de ""reglas"" podemos seguir cuando tenemos ""poder"" sobre otros mexicanos. 

En realidad no me molesta ni cuánto publique ni sobre qué publique ningún usuario. Me molesta que el usuario debiese seguir y aplicar las reglas del sub que él mismo modera.","https://www.reddit.com/r/mexico/comments/gqejir/las_reglas_del_sub_no_aplican_a_los_moderadores/","1684","Dud es un sub de Mexico a huevo va a ser corrupto. ","2020-05-25 16:53:42"
"140","e6o1ep","False",":piolin: Meme","73","Poder oaxaqueño","mexico","","https://i.redd.it/gbnnfwqivv241.jpg","1684","Lol ","2019-12-05 21:33:39"
"141","cbg3ur","False","Imagenes","54","Pera","mexico","","https://i.imgur.com/fQBBlNv.jpg","1683","(Sarcasmo) Por qué es PERA? Femeninistas, podría llamarse PERO y sería igual. Jajajaja ","2019-07-10 12:28:55"
"142","h15l7v","False","Gastronomía :sabritas:","96","Le platiqué a mi madre sobre el post de la gelatina, y hoy hizo esta en su honor:","mexico","","https://i.redd.it/b8hfsp0dwb451.png","1683","Gelatina si a la verga ","2020-06-11 19:00:44"
"143","ardigr","False","Imagenes","67","Iba a postear algo de política, pero mejor les comparto este México feliz tocando las maracas.","mexico","","https://i.redd.it/bkk2q8en40h21.png","1673","Que puto eres ","2019-02-16 21:52:31"
"144","a7o7c6","False","Imagenes","113","Amor limpio","mexico","","https://i.imgur.com/B4rGigv.jpg","1674","r/titleporn ","2018-12-19 16:57:46"
"145","b7ymmk","False","Cultura","233","Just a friendly reminder...","mexico","","https://i.redd.it/30tgkb1pnlp21.jpg","1671","Los narcos son empresarios y vendedores de sustancias tóxicas para consumo humano que desgraciadamente por lo inepto y corrupto de los gobernantes se volvieron delincuentes. 

la diferencia entre las drogas y el alcohol, cigarro, comida chatarra y azúcar refinada es que éstas se inventaron hace mucho tiempo y por eso son legales.

pero todas esas te matan lentamente, ha cobrado más vidas el alcohol que la guerra contra las drogas.

México es el país número 1 en Diabetes, debido a la comida chatarra que está llena de azúcar. 

 El problema de nuestra cultura mexicana, es que es muy cool ser millonario, no importa si en el camino destruiste la vida de cientos de personas.

Los valores están por los suelos por eso idolatran a delincuentes.

Además lo que tienen de delincuentes los narcos lo tienen los políticos, y hasta peor porque los narcos destruyen la vida de algunos, en cambio los políticos destruyen el futuro de casi TODOS los mexicanos. 

Por cierto me caga como no tienen una idea los narcocorridos, música norteña, banda ","2019-04-01 06:49:09"
"146","hg876h","False","Cultura :vsd:","44","Tlaloc en LEGO","mexico","","https://i.redd.it/07p75drmn7751.jpg","1665","Uh oh, ahí vienen los ardidos que van a reclamar ‘cultural appropriation’ ","2020-06-26 14:05:39"
"147","8dz3xn","False","Noticias","191","EU and Mexico reach new agreement on trade. All trade in goods between the EU and Mexico will now be duty-free, including in the agricultural sector","mexico","","http://europa.eu/rapid/press-release_IP-18-782_en.htm","1664","This is messed up. ","2018-04-21 22:25:29"
"148","egrvbs","False","Imagenes","99","Los Gemelos - Ilustración Propia","mexico","","https://i.redd.it/blb5xzil5e741.jpg","1659","Robado, jajajaja muchas gracias ","2019-12-28 15:18:28"
"149","f9tofj","False",":piolin: Meme","135","Excelente...","mexico","","https://i.redd.it/1r89y392z9j41.jpg","1655","México es América del Norte :v ","2020-02-26 14:04:20"
"150","efqm17","False","Imagenes","49","Feliz Navidad (from Canada!)","mexico","","https://i.redd.it/zsm1phj0lw641.jpg","1649","How original ","2019-12-26 04:12:52"
"151","e994es","False",":pp: Cultura","85","Perrito Chihuahua perdido :c","mexico","","https://i.redd.it/p4wkxfqg41441.jpg","1656","R/delusionalartists ","2019-12-11 16:17:26"
"152","aqws8o","False","Imágenes","153","Impresiones de Japón acerca de México, 1932","mexico","","https://i.imgur.com/zn2MgDX.jpg","1651","malditos taca tacas racistas. ","2019-02-15 13:56:18"
"153","g6338h","False","Humor :snoo_smile:","73","Arte.","mexico","","https://i.redd.it/e1s9w2tb0eu41.jpg","1643","Al chile está CHINGONSÍSIMO, compadre. Felicidades. ","2020-04-22 15:24:11"
"154","g6z170","False","Humor :snoo_smile:","112","Oh los buenos tiempos","mexico","","https://i.redd.it/np70rp541ou41.jpg","1642","Y despues que saquearon al pais? ","2020-04-24 01:06:15"
"155","d0l9pc","False","Imágenes","112","¿La bandera mas bonita?","mexico","","https://i.redd.it/33f43ekay0l31.jpg","1636","[deleted] ","2019-09-06 19:23:26"
"156","bzgy7v","False","Meme","58","¿Quieres?","mexico","","https://i.redd.it/t34kjvt43s331.jpg","1640","no ","2019-06-11 19:24:16"
"157","flc3ix","False","Humor :snoo_smile:","153","Todos vamos a morir!!!","mexico","","https://i.redd.it/6knidzblgnn41.png","1644","Mexico es el unico pais que a tenido conferencias diarias desde hace meses.

Mexico es el lider en el continente americano en la guerra contra el COVID-19 ","2020-03-19 15:42:18"
"158","eb1jv1","False","Imagenes","60","La virgen llega a Chedraui","mexico","","https://i.redd.it/26wxit5uyt441.jpg","1638","Pense que los tomates estaban formando un pito ","2019-12-15 17:16:45"
"159","galo8s","False",":piolin: Meme","116","Viva AMLO 😭😭👌🏻👌🏻👌🏻👌🏻","mexico","","https://i.redd.it/rwseed58ruv41.jpg","1638","ITT: WHAT ABOUT PRIAN?!?!? ","2020-04-30 00:47:26"
"160","dw8lsb","False","Imagenes","64","Ciudad de México con los dos volcanes en el horizonte (foto por Santiago Arau)","mexico","","https://i.redd.it/e8kysctt6ny31.jpg","1620","Lástima que ninguno hizo erupción para que hubiera vistimas y victimos ","2019-11-14 12:04:24"
"161","g49hjt","False","Humor :snoo_smile:","43","Prohibido El Paso","mexico","","https://i.redd.it/3mx0gin6mst41.jpg","1610","La Piedad de Cagadas. ","2020-04-19 15:27:20"
"162","ghynko","False","Imagenes","79","🐵","mexico","","https://i.imgur.com/9Y6HNrt.jpg","1611","No está tan mal el Angelo, después de todo ","2020-05-11 23:03:17"
"163","e3ncfo","False","Imagenes","39","El monedero perfecto no exis...","mexico","","https://i.imgur.com/YVgl8Ey.jpg","1613","Not gonna lie but this would be a good way for cartels to smuggle drugs. Just put a bunch of these in with corn crops and ship them over the border. ","2019-11-29 23:50:53"
"164","fkbhrs","False","Imágenes","61","Oaxaca visionaria","mexico","","https://i.redd.it/gah9ek42can41.jpg","1611","[Los de Oaxaca](https://www.youtube.com/watch?v=lmTW9VLhKLQ) ","2020-03-17 19:34:18"
"165","hf0uk3","False","Humor :snoo_smile:","274","‘Pero, pero los trenes’","mexico","","https://i.redd.it/403tkxh6zu651.jpg","1609","Hoy se levantaron a jalar los bots de AMLO con muchas ganas ","2020-06-24 13:17:29"
"166","eup20f","False","Imagenes","110","No creo que se pueda resistir ante eso","mexico","","https://i.redd.it/thvfjt4g6cd41.jpg","1604","El fais esta por allá donde huele a obo. ","2020-01-27 15:04:29"
"167","g1jc49","False","Imágenes","138","Dos luchas por el mal pago de una.","mexico","","https://i.redd.it/x6xezjyb8ws41.jpg","1603","Que mentira, en el cielo les van a dar el mejor pago wje podría existir ","2020-04-15 02:32:41"
"168","gw42pc","False",":piolin: Meme","76","La Maquina de la 4T","mexico","","https://v.redd.it/bzfwq4i7sr251","1596","~~Estrategia 435234: Decir que es un peligro para México.~~

....

~~Estrategia 635744: Decir que es igual a Chavez.~~

~~Estrategia 635745: Vincularlo con los rusos.~~

....

~~Estrategia 883453: Hacer caravana de coches.~~

Estrategia 883487: De regreso a los memes. ","2020-06-03 22:17:13"
"169","bqh19f","False","Imagenes","69","Infancia","mexico","","https://i.redd.it/caimc8ie86z21.jpg","1598","Del norte? ","2019-05-19 13:38:02"
"170","gi470a","False","Imagenes","83","Tome todo mi dinero","mexico","","https://i.redd.it/sb5oo2tjj9y41.jpg","1591","Y con billetes como se le hace ? No resbalan por la rampita ","2020-05-12 04:39:23"
"171","bjheo1","False","Meme","62","Bart experimental","mexico","","https://v.redd.it/am9jad6hulv21","1588","Rifado !! ","2019-05-01 14:01:48"
"172","ge93by","False","Humor :snoo_smile:","30","Visto hoy.","mexico","","https://i.redd.it/6xwfaz1pa1x41.jpg","1586","r/motorcycle ","2020-05-05 23:51:26"
"173","ca5njz","False","Cultura","63","Muy elegantes en su clausura los niños de preescolar de Metlatónoc montaña de Guerrero.","mexico","","https://i.redd.it/t3eogg8v4v831.jpg","1586","Ojalá puedan terminar al menos la secundaria... ","2019-07-07 11:00:02"
"174","ewbwi4","False","Imagenes","122","Ya por favor dejalo asi.","mexico","","https://i.redd.it/kk0duxla9zd41.png","1584","«El resto del país» =  tres weyes más. ","2020-01-30 20:41:48"
"175","9uhf47","False","Imagenes","102","Una sociedad tan adelantada a su tiempo. Lastima que se perdio","mexico","","https://i.redd.it/yte1y82rqkw11.jpg","1582","Que mamada, osea ellos en plan: ""Sacrificaban a hombres y mujeres, que gran equidad de genero y demodtracion de que eran una civilizacion avanzada"" ","2018-11-05 20:45:00"
"176","9stp92","False","Imagenes","182","Niña vendedora de plata en Chihuahua, Chihuahua","mexico","","https://i.redd.it/9tedjr5zyev11.jpg","1585","""Oye dejame tomarte una foto"" namames ","2018-10-31 00:16:26"
"177","crp08b","False","Imagenes","55","El Establo IRL","mexico","","https://i.redd.it/g50ivtcdl1h31.jpg","1580","hahahahahaha ","2019-08-17 17:20:21"
"178","fqx6ho","False","Imagenes","64","Así se ven la calles vacías y con lluvia en el centro de Querétaro.","mexico","","https://i.redd.it/d6intnyplip41.jpg","1584","El tsurito 🥵 ","2020-03-29 01:30:49"
"179","cjt5pf","False","Humor :snoo_smile:","54","Muy interesante","mexico","","https://i.redd.it/useq6i3ejgd31.jpg","1579","Y el Canayin?! Sin el Canayin esto es fake news. ","2019-07-30 15:15:26"
"180","hftsi5","False","Imágenes","480","Logros","mexico","","https://i.redd.it/vlzkdluub4751.jpg","1570","[deleted] ","2020-06-25 20:44:34"
"181","fcd2uf","False","Humor :snoo_smile:","134","""Una palabra significas muchas cosas"", parece que tomamos esta frase literalmente...","mexico","","https://i.redd.it/fbnzm9ydv9k41.jpg","1571","Ta rremamon post... ","2020-03-02 14:47:52"
"182","fhizu1","False",":piolin: Meme","65","Nuestro hermoso sistema de salud","mexico","","https://i.redd.it/2xvq73h1q9m41.jpg","1574","Hasta donde yo se, bart es americano... ","2020-03-12 16:26:10"
"183","dg0isn","False","Imagenes","120","No disiento","mexico","","https://i.redd.it/bvqwr4l8qqr31.jpg","1565","Repoio. ","2019-10-10 16:29:30"
"184","f810km","False","Imagenes","69","Solo un mexicano lo entiende.","mexico","","https://i.redd.it/m4m2yv5daki41.jpg","1561","It is for all latinamerica 😖😵 ","2020-02-22 23:41:22"
"185","cmejf3","False","Humor :snoo_smile:","61","Metrito ""bb""","mexico","","https://i.redd.it/dtu7r8sg7oe31.jpg","1563","Mi firula vs firula de negrOHHHQUELA.

Edit: el chiste es que soy Alfredo Adame y por ende mi firula era el metro bb. Por dios, qué puritanos me salieron en r/Mexico. ","2019-08-05 18:06:54"
"186","dpe607","False","Humor :snoo_smile:","184","Las recomendaciones de Spotify sólo porque vives en México","mexico","","https://i.redd.it/9sjotu8p9rv31.jpg","1561","la neta 😢 ","2019-10-30 22:37:23"
"187","d7ei13","False","Imagenes","39","Una raya más al tigre!","mexico","","https://i.redd.it/m09uxmuztzn31.jpg","1559","Y eso donde hace mucho frío.  Con un calefactor  barato y un timer digital la haces gacha ","2019-09-21 18:49:57"
"188","cb9q01","False","Imagenes","141","México es muchos Méxicos","mexico","","https://i.imgur.com/P3Qj4f8.jpg","1559","I've learned more Spanish from watching Narcos than I did in school. This meme is true... ","2019-07-10 00:58:53"
"189","cp3mi0","False","Imagenes","121","A Huevo","mexico","","https://i.redd.it/0q1czknkxuf31.jpg","1551","Esos ""logros"" no cambian el hecho que México vale madr..... ","2019-08-11 22:45:14"
"190","8a5rja","False","Ask Mexico","232","Hey guys","mexico","Hello Mexico,

Im just some dude in Ohio. I work an hourly job and hate my commute and I enjoy a beer after work. I just want you to know I think my government is being a real dick right now. I'm embarrassed that America isn't being a better neighbor. I never thought I'd say im embarrassed of my country. I hope it'll get better. I know militarising our border is a mistake. I know you are not my enemy. I love you. 

Steve in Ohio

Edit: Rip my inbox. A word to the wise, always consider carefully before posting beer drenched overly sentimental posts to a huge subreddit right before bed. I regret nothing, you guys are great!","https://www.reddit.com/r/mexico/comments/8a5rja/hey_guys/","1550","Hey Steve u want sum fuk? Pls give green card thx  ","2018-04-06 02:04:34"
"191","goqxmn","False","Humor :snoo_smile:","85","¿será?","mexico","","https://i.redd.it/hgnv0cavjd051.jpg","1548","Quien dice que no puede? La opo? ","2020-05-22 20:16:50"
"192","gjmnxl","False","Imágenes","132","Ludwig Godefrey's Casa Merida, Mexico","mexico","","https://i.redd.it/5f6l8si0jqy41.jpg","1540"," no se, simplemente se ve muy desolada.

Es arida y gris, algo contrastante usualmente con las casas de Merida, me recuerda mas a las casas de concreto que ni pintan. ","2020-05-14 13:47:21"
"193","gg464m","False","Cultura :vsd:","111","Para el vato que pidió que sacaramos los hielocos","mexico","","https://i.redd.it/jbdyfcbukmx41.jpg","1546","OP gritando: Rápido, [hielocos formándose en la mesa] protejan mi virginidad. ","2020-05-08 23:25:50"
"194","ajise6","False","Imagenes","165","De los mejores que he visto","mexico","","https://i.redd.it/24nmylmmigc21.jpg","1542","Todo teto con cara de neoliberalista juntandose con la prole comunista, que de comunista no tiene nada mas que un monton de fanaticos moviendo hilos esperando a que reviente el pedo.  ","2019-01-24 23:38:05"
"195","9a2zwu","False","Imagenes","103","Les comparto lo más lindo que vi en mi viaje a Yucatán, un niño maya sacando a pasear a su puerquito","mexico","","https://i.redd.it/awafgq5l45i11.jpg","1548","No porque sea de Yucatán automáticamente cae en la categoría de maya no te mames ","2018-08-25 01:15:47"
"196","97nxux","False","Imagenes","99","85 Mexican firefighters are in Fraser Lake, BC Canada fighting a wildfire threatening the area.","mexico","","https://i.redd.it/triy6vakwcg11.jpg","1544","As a Canadian I say we do NOT need non-white help. We need to collaborate with Trump's America, not fuc**ng 3rd world nations.

This is Trudeau's Canada, I hope ethnic Canadians will wake up from this genocidal nightmare. I'm becoming more anxious day by day.

Not to sound racist but there are too many of you here and ethnic Canadian are being replaced. We do not need to this little - and honestly almost useless - helps  when your people are destroying our countries.  ","2018-08-16 01:16:47"
"197","dq469e","False","Imagenes","51","El Vivo","mexico","","https://i.redd.it/n0soqhc3t2w31.jpg","1540","Jajaja que chistoso tío. Me saluda a mi prima la sabrosa porfita salu2 🥰 ","2019-11-01 13:23:18"
"198","g7wmsp","False",":piolin: Meme","119","dollar go brrr","mexico","","https://i.redd.it/uhcgex99tzu41.jpg","1532","¿Por qué tienen siempre que medir su moneda respecto al dólar? ¿No ven que eso contribuye a que se devalúe el peso? ","2020-04-25 16:44:00"
"199","c581yp","False","Imagenes","79","Gracias Frida!","mexico","","https://i.redd.it/f57kq19yef631.jpg","1539","La obesidad en los animales es taaaaaan bonita :3

(Pongan sus F )

Edit: SON TODOS UNOS ARENOSOS FIFIS DOBLE MORAL ","2019-06-25 12:46:46"
"200","gh9u8d","False","Humor :snoo_smile:","213","gringo viviendo en Mexico aquí. Hoy, aprendí una lección importante.","mexico","Cuando la señora de un puesto lo pregunta “¿estás seguro de que quieres la salsa picante?” cuatro veces, créela. 

No puedo sentir mi boca ni mi cuerpo.","https://www.reddit.com/r/mexico/comments/gh9u8d/gringo_viviendo_en_mexico_aquí_hoy_aprendí_una/","1534","Regresate a gringlandia pinche puñetas ","2020-05-10 21:19:06"
"201","hccdk1","False","Humor :snoo_smile:","190","Ya es hora de que elimine a los enemigos del país","mexico","","https://i.redd.it/awtug5vgmy551.png","1534","Lo mas triste es que este es el ""comunista"" mas conocido del pais ","2020-06-20 00:30:34"
"202","gudrjb","False",":piolin: Meme","69","North America currently","mexico","","https://i.redd.it/qzo718rur6251.jpg","1531","JAJAJA   
Also fuck you! for making it legal while Mex producers get shot. ","2020-06-01 04:18:33"
"203","al1m0s","False","Imagenes","129","El calendario Azteca se forma con las monedas de $1, $2, $5 & $10 pesos.","mexico","","https://i.redd.it/972v1d4uedd21.jpg","1533","La _Piedra del Sol_ no es un calendario porque no se pueden contar los días con el, es una representación de los días y meses del calendario y hacen falta las monedas de ¢5, ¢10, ¢20 y ¢50 para tener el combo ganador.

Edit: ¿Por qué los downvotes?  ","2019-01-29 16:19:39"
"204","alpwu0","False","Imagenes","127","Saw this in Mexico City, probably better than Starbucks.","mexico","","https://i.redd.it/eclcobzvprd21.jpg","1527","Aqui les dejo una foto del [Realbucks](https://imgur.com/gallery/WJfJOru). Ubicado en el Real de Catorce.  ","2019-01-31 14:23:06"
"205","h9qqcq","False","Imágenes","56","Saludos desde la CDMX! Para aprovechar los vientos y no aburrirnos encerrados hicimos este papalote.","mexico","","https://i.redd.it/ahmfciahk5551.jpg","1529","Hola, lo que estás haciendo está prohibido. Es un error que tienden a cometer los extranjeros, esto se considera una falta de respeto a los símbolos patrios. Mira aquí te dejo esta noticia, saludos. https://www.milenio.com/politica/que-dice-la-ley-sobre-el-uso-de-la-bandera ","2020-06-15 22:46:25"
"206","9y3hkq","False","Ask Mexico","291","Hola (^_^) Mexico ppl-san! from Japan","mexico","Mexican food is delicious! (・∀・)ｲｲﾈ!!

But the story I want to do is different.

&#x200B;

\*70% google translate, sorry!! (T\_T)

&#x200B;

In 1888, Mexico signed the Japan-Mutual Friendship and Commerce Treaty.

We were forced to conclude an inequality treaty with the West.

&#x200B;

In such a world situation, Mexico alone treated Japan equally. How much do you think Japanese people appreciate?

Of course, also to Mexico ""I think that it was a judgment that looked ahead to trade with Asia""

&#x200B;

Do you know that the Mexican embassy in Japan is built on land with the highest market value in Tokyo?

This is because the Japanese government and Japanese citizens appreciate Mexico.

Once, America and the United Kingdom etc says ""Change the place with the Mexican embassy!"" Japan firmly refused the request!

That 's it, there is still respect for Mexico.

&#x200B;

If you come to Japan for sightseeing, I would like you to see the Mexican embassy (\^ \_ \^) /

[http://chiyoda-tokyo.sakura.ne.jp/seisiga/kobetsu/mexico06.JPG](http://chiyoda-tokyo.sakura.ne.jp/seisiga/kobetsu/mexico06.JPG)

[https://smlycdn.akamaized.net/data/product2/2/7917da9611ae1ecaa260ddfb387ee1b9699cdfe0\_l.jpg](https://smlycdn.akamaized.net/data/product2/2/7917da9611ae1ecaa260ddfb387ee1b9699cdfe0_l.jpg)

[http://ncl.sakura.ne.jp/photo/small/journey1/imgp2933-s.jpg](http://ncl.sakura.ne.jp/photo/small/journey1/imgp2933-s.jpg)

&#x200B;","https://www.reddit.com/r/mexico/comments/9y3hkq/hola_mexico_pplsan_from_japan/","1529","Hello my dear compa, greetings from Baja California (north-west region of México)

I have a little question to you

What do you think of the **Nanjing Massacre**?

&#x200B; ","2018-11-18 05:19:58"
"207","g7cg5s","False",":piolin: Meme","82","boing","mexico","","https://v.redd.it/lbabth3yusu41","1528","chale, ya vi tu video en facebook hasta con marga de agua ","2020-04-24 17:21:55"
"208","fyzson","False","Imágenes","162","Gus Rodríguez (1960-2020)","mexico","","https://i.redd.it/tixgf3wlc5s41.png","1528","Por qué se sieten tristes si ni lo conocieron? ","2020-04-11 08:09:35"
"209","fbzxyw","False","Humor :snoo_smile:","106","Este morro rompió la regla de oro, podrás tardarte media hora pero jamás olvidar el kilo de tortillas.","mexico","","https://i.redd.it/qy3ejntjd4k41.png","1529","Valió verga el morro ","2020-03-01 20:19:32"
"210","an2ci0","False","Tecnología","114","Compañia Mexicana hace cubiertos y popotes de semilla de aguacate, que se degradan en 240 días","mexico","","https://i.redd.it/3tfqynecvfe21.jpg","1524","Qué bien. Opciones.

Nada más repulsivo que la dictadura buena-ondita de los fanáticos anti-todo lo moderno. Cuando los popotes son una minoría insignificante de los desechos, sólo puesta entre miras porque es algo que los fanáticos pueden controlar y presumir públicamente.

Ya aquí en GDL muchos restaurantes ni ofrecen popotes, aunque son legales todavía. Tienes que pedirlos.
 ","2019-02-04 14:49:39"
"211","cnp5wb","False","Videos","119","Poesía en movimiento","mexico","","https://v.redd.it/42isbzwsh9f31","1515","El que rompe la piñata es López Obrador y todos los demás son el resto de Morena. ","2019-08-08 17:42:29"
"212","b74q9w","False","Imagenes","70","United Mexican States","mexico","","https://i.redd.it/pm3hnit3f5p21.jpg","1515","No mames United mexican states 😂😂😂 ","2019-03-30 00:12:30"
"213","8hh2k9","False","Imagenes","96","5 de Mayo 🤔","mexico","","https://i.redd.it/jfg22tl01aw01.jpg","1509","I just get irritated that I can’t go to my favorite taco spot because of the load of gringos trying to celebrate Cinco de Mayo. Oh well I’m sure the taco people are happy for the business and probably have to order extra carne asada to keep up the demand lol ","2018-05-06 18:13:51"
"214","er8lmw","False","Imagenes","60","Was backpacking through Central Mexico in September, and finally got to visit Bernal on my third trip in Querétaro. One of my favorite shots!","mexico","","https://i.imgur.com/HeVaJT0.jpg?1","1508","Yeah rigth backpacking in one of the most hipster towns in México xd unreal ","2020-01-20 05:19:17"
"215","h7l59z","False","Gastronomía :sabritas:","120","Llego tarde para poner mi gelatina?","mexico","","https://i.redd.it/is6oabfdjh451.jpg","1508","Guero: ""Gelatina."" r/Mexico: ""JAJAJA. SI, SI, SI. GELATINA!"" ahora porque un pinche guero menciona la gelatina ahi andan amontonandose por ser parte de la conversacion lol dejen de idolatrar lo extranjero (y mas precisamente lo blanco) porfavor. ","2020-06-12 13:57:28"
"216","egy89n","False","Imágenes :vsd:","36","Una princesita en Barrancas del Cobre Chihuahua","mexico","","https://i.redd.it/3k1qt8pjng741.jpg","1505","Y qué tiene de princesa, es una niña y ya ","2019-12-28 23:42:40"
"217","bx8ooe","False","Imagenes","94","Ojo x Ojo","mexico","","https://i.redd.it/cpew2h7m3m231.jpg","1493","Thank God that we're slapping Mexico with Tarrifs lol ","2019-06-05 22:12:07"
"218","acj0kf","False","Imagenes","53","Bandersnatch: Tenochtitlán","mexico","","https://i.redd.it/qdieqiqm9f821.png","1494","Jijijiji 10/10 me hizo el dia  ","2019-01-04 15:10:19"
"219","fn09u1","False","Imagenes","78","Hotel Holiday Inn en Obregón, Sonora","mexico","","https://i.redd.it/v90lftbnb8o41.jpg","1490","Ciudad pobregon sonora la ciudad más mediocre del país ","2020-03-22 13:51:59"
"220","ejyzai","False","Videos","37","Ah caray soy yo, le cayó a mi coche oiga","mexico","","https://v.redd.it/jj6pmvzeks841","1485","Al rato lo vamos a ver en las mañaneras, en la primera fila junto con los demás payasos. ","2020-01-04 16:51:15"
"221","ax7vjj","False","Humor","95","Mexican Horror Story","mexico","","https://imgur.com/QYGxDx6","1481","¡Ah no ma' mis ojos!

¡¿Que clase de blasfemia es esta?! ","2019-03-04 14:45:30"
"222","b7ciur","False","Imagenes","28","r/DankPrecolumbianMemes","mexico","","https://i.redd.it/tx25xo78z9p21.jpg","1479","Kekistan save us. Hahaha ","2019-03-30 15:32:24"
"223","ffkgaw","False","Imagenes","141","Llegamos a r/pics","mexico","","https://i.imgur.com/Q5P0Ny7.jpg","1478","lo voy a repostear en r/sadcringe

a ver que tan lejos lo podremos difundir!!🤓


Bandera de México, legado de nuestros héroes, símbolo de la unidad de nuestros padres y de nuestros hermanos, te prometemos ser siempre fieles a los principios de libertad y de justicia que hacen de nuestra Patria la nación independiente, humana y generosa a la que entregamos nuestra existencia ","2020-03-08 22:32:19"
"224","f7ncus","False","","60","Mamás y su Hijos Pokémon en El Nuevo Carnaval de Mérida, Yucatán, México 2020 🎉🇲🇽💃🏻","mexico","","https://v.redd.it/hpw0gjkmhei41","1480","Otro fracaso del neoliberalismo. ","2020-02-22 04:11:44"
"225","ha74ev","False","Humor :snoo_smile:","56","La monográfia de la pandemia.","mexico","","https://i.redd.it/8zcfm42csa551.jpg","1480","Entre los gobiernos negligentes y las personas vale-madristas no se hacen una. ","2020-06-16 16:19:21"
"226","ge9xps","False","Cultura :vsd:","74","Y uno ni enterado, pero las redes lo cansan con posts de la festividad","mexico","","https://i.redd.it/mae98ytuj1x41.jpg","1476","Recuerden que el 5 de mayo celebra la victoria de Mexico contra Francia en la batalla de puebla. ","2020-05-06 00:42:44"
"227","dk7v52","False","Imagenes","88","Desde que arrancó este gobierno se han dedicado a chupar intensamente. #Mexico","mexico","","https://i.redd.it/2nc6zhgmmjt31.jpg","1475","De acuerdo, los que son honorables y exponen su vida también son heroes.

Pero no te pones a pensar lo que implica para un líder gobernar contra un regimen corrupto?. No crees que también están arriesgando su vida?
Sus nombres lo conocen todos, y están en la mira de muchos.

Seamos más objetivos. No simplemente opinemos sin considerar los actos del pasado, y los afectados de esos actos. ","2019-10-19 18:44:56"
"228","e58fdh","False","Imágenes :vsd:","34","Brother and Sister trying to race a train on their horse in Chiapas, Mexico","mexico","","https://i.imgur.com/rpQpYr3.jpg","1474","¿Mumbai? ","2019-12-03 00:25:52"
"229","ap4yo4","False","Imágenes","122","Por este tipo de cosas, jamás podría dejar México","mexico","","https://i.imgur.com/4CQK6VA.jpg","1467","Tengo rato que no voy a México como 4 meses  ","2019-02-10 15:39:35"
"230","d4rcqu","False","Imagenes","51","Viva Mexico!","mexico","","https://i.imgur.com/rlS1vOP.jpg","1465","Al chile si, y aún así ¡Viva México! ","2019-09-15 22:03:42"
"231","gwhpvz","False",":piolin: Meme","85","Que ya venga el frío !!","mexico","","https://i.redd.it/xnvtd19ydw251.jpg","1466","Los de arriba blanquitos gueritos, los de abajo en la tortillería morenitos ... ","2020-06-04 13:45:32"
"232","cf27ay","False","Imagenes","83","Es preciosa.","mexico","","https://i.redd.it/tfk1yc6xe6b31.jpg","1461","[deleted] ","2019-07-19 03:04:16"
"233","djerik","False","Noticias","1571","[Megathread] Balaceras en Culiacán, Sinaloa","mexico","#Favor de NO compartir gore explícito (gente muerta o muriendo).

> Culiacán, Sin.– En varios puntos de la ciudad, se reportó\xa0enfrentamientos entre grupos delictivos, varios de ellos viajan en camionetas doble rodado, con fusiles Barret-calibre 50, montados en una estructura móvil, sin que se tenga datos oficiales sobre los hechos.

> A través de redes sociales, se alertó a 
la población sobre fuertes detonaciones de armas automáticas, primero, en la zona de Tres Ríos, muy cerca del edificio de la Fiscalía General del Estado y posteriormente, sobre el cruce Enrique Sánchez Alonso y Universitarios.

> La Secretaría de Seguridad Pública del estado alertó a las diversas fuerzas federales para atender los reportes que alarmaron a la población, por las continúas detonaciones de armas de fuego de grueso calibre y la circulación de personas civiles armadas.

[—El Universal](https://www.eluniversal.com.mx/estados/reportan-balaceras-en-distintos-puntos-de-culiacan-sinaloa)

###Actualización (confirmado por el abogado de la familia)

> Ante el cerco que establecieron los grupos cedulas del cartel de Sinaloa en contra de la patrulla integrada por elementos de la Guardia Nacional y el Ejercito mexicano que habían detenido a Ovidio Guzman Lopez, hijo de Joaquin El Chapo Guzman se decidió que al verse superados en número se tomó la decisión de retirarse de la casa sin Guzmán para tratar de evitar mas violencia en la zona y preservar la vida del personal y recuperar la calma en la ciudad

> Lo anterior fue señalado por integrantes del Gabinete de Seguridad federal, mientras que en la capital sinaloense continúan las balaceras y los enfrentamientos. Asimismo han circulado versiones que señalan que Ovidio guzman fue disfrazado y subido a una camioneta para que integrantes del cartel de Sinaloa se lo llevaran de la zona

> Con estas acciones también se busca contener que los vehículos que supuestamente bajaban de distintos puntos de la entidad con hombre armados no llegaran a culiacan

[—La Jornada](https://www.jornada.com.mx/ultimas/politica/2019/10/17/despues-de-enfrentamientos-liberan-a-hijo-de-el-chapo-en-culiacan-3674.html)

###Actualización 2 (18 de Octubre)

> En conferencia de prensa desde el estado de Oaxaca, el presidente Andrés Manuel López Obrador aseguró que respaldó la decisión del Gabinete de seguridad respecto a las balaceras que se suscitaron el pasado jueves en Culiacán, por la presunta identificación y liberación de Ovidio Guzmán, hijo de ‘El Chapo’

> ""Tomaron decisiones que yo respaldo, que yo avalo, porque se tornó muy difícil la situación porque estaban en riesgo muchos ciudadanos, muchas personas”, comentó al ser cuestionado sobre la liberación del hijo del capo.

> Además, aseguró que se decidió proteger la vida de la población sobre el combate al crimen organizado.  

>""Se decidió proteger la vida de las personas y yo estuve de acuerdo con eso. No se trata de masacres, no puede valer más la captura de un delincuente que las vidas de las personas”, destacó.

> Ello, luego que desde las 15:00 horas de ayer los ciudadanos reportaron balaceras en diversos puntos de la capital sinaloense, que derivaron en bloqueos e incendio de vehículos.

> López Obrador también indicó que la decisión de liberar a Ovidio Guzmán la tomó el gabinete de seguridad, es decir el secretario de la Defensa, Marina y Seguridad Pública.

[—Excelsior](https://www.excelsior.com.mx/nacional/en-culiacan-se-decidio-proteger-a-los-ciudadanos-y-estuve-de-acuerdo-lopez-obrador/1342664)

##Enlaces

* https://www.eluniversal.com.mx/estados/reportan-balaceras-en-distintos-puntos-de-culiacan-sinaloa

* https://www.eluniversal.com.mx/estados/reportan-detencion-de-hijo-de-el-chapo-guzman-en-sinaloa

* https://www.debate.com.mx/policiacas/Asi-se-vive-el-panico-en-Culiacan-por-fuerte-balacera-20191017-0204.html

* https://www.excelsior.com.mx/nacional/balaceras-provocan-panico-en-culiacan-sinaloa/1342558

* https://www.debate.com.mx/culiacan/Queman-camioneta-en-la-entrada-del-Panteon-San-Martin-en-Culiacan-20191017-0209.html

* https://www.milenio.com/policia/sinaloa-reportan-fuga-penal-aguaruto-culiacan

* https://vanguardia.com.mx/articulo/Confirman-captura-de-Ovidio-Guzm%C3%A1n-L%C3%B3pez%2C-hijo-de-%27El-Chapo%27-en-Culiac%C3%A1n%3B-contin%C3%BAan-balaceras-despu%C3%A9s-de-varias-horas

* https://www.milenio.com/policia/culiacan-detienen-hijo-chapo-desatan-balaceras-minuto-minuto

* https://www.milenio.com/politica/balacera-culiacan-amlo-reune-gabinete-seguridad

* https://www.multimedios.com/nacional/minuto-minuto-resguardan-menores-y-padres-de-familia-en-guarderias-del-imss-por-balaceras

* https://www.jornada.com.mx/ultimas/politica/2019/10/17/despues-de-enfrentamientos-liberan-a-hijo-de-el-chapo-en-culiacan-3674.html

* https://www.eluniversal.com.mx/cartera/tras-balaceras-culiacan-cancela-vuelos-hacia-la-paz-cdmx-y-tijuana

* https://www.excelsior.com.mx/nacional/en-culiacan-se-decidio-proteger-a-los-ciudadanos-y-estuve-de-acuerdo-lopez-obrador/1342664

* https://www.publimetro.com.mx/mx/nacional/2019/10/18/captura-ovidio-guzman-tenia-fines-extradicion-revela-amlo.html

Ire actualizando este hilo con las noticias más recientes conforme vayan sucediendo.

No olviden compartir tweets, el HuachiBot los transcribirá cada 5 minutos.","https://www.reddit.com/r/mexico/comments/djerik/megathread_balaceras_en_culiacán_sinaloa/","1463","Speak American plz can’t understand this ","2019-10-17 23:36:48"
"234","cuvojw","False","Política","93","Es amenaza o que pedo","mexico","","https://i.redd.it/f47zwmeedfi31.jpg","1457","**PRI** *We promise we'll only kill some of you next time...* Vota **PRI** ","2019-08-24 16:40:43"
"235","avll1v","False","Imagenes","194","Hora de cenar, amigos","mexico","","https://i.imgur.com/BgnTCRK.png","1461","los burritos son texanos no? ","2019-02-28 02:10:20"
"236","eelhhs","False","Imagenes","49","Por fin literatura de calidad","mexico","","https://i.redd.it/9547k6ylbe641.jpg","1458","Que culero guante ","2019-12-23 14:48:06"
"237","fjxmuq","False","Imagenes","49","Y siempre vuelve a salír el sol! CDMX","mexico","","https://i.redd.it/m362bxqjb5n41.jpg","1453","Ya se puede respirar ","2020-03-17 02:41:59"
"238","9844ht","False","Imágenes","40","This beautiful Mexican-themed carpet created from 500,000 Dahlia and Begonia flowers in Grand Place, Brussels [repost from /r/pics]","mexico","","https://i.redd.it/sz2l4613tng11.jpg","1451","Si estuviera en México  ya faltarían 1/3  de las flores por la gente que se las roba, y otros caminando por encima de ellas para tomarse una selfie.  ","2018-08-17 17:16:54"
"239","erkg4i","False","Imágenes","84","Lamentable por parte de la SSP","mexico","","https://i.redd.it/3zzy09uy90c41.jpg","1454","Bad photoshop ","2020-01-20 21:58:46"
"240","dl81lt","False","Humor :snoo_smile:","127","Cada uno recoge lo que siembra","mexico","","https://i.redd.it/n3owaskdzyt31.png","1451","Así que los rusos quieren armar pedos en r/mexico... o serán los chinos? ","2019-10-21 22:24:19"
"241","dlp582","False","Meme","62","¡Es hoy, es hoy!","mexico","","https://i.redd.it/lag8gm5oy5u31.jpg","1447","Fake ","2019-10-22 21:51:39"
"242","diqkry","False","Imagenes","73","En algún lugar de México","mexico","","https://i.redd.it/8ijqyo7g0xs31.jpg","1444","A huevo ","2019-10-16 15:06:27"
"243","fzqfd3","False","Imágenes","67","r/facepalm","mexico","","https://i.redd.it/0uynqpv4jbs41.png","1441","Nadie anda así ","2020-04-12 04:57:03"
"244","cfvtgu","False","Imagenes","20","A painting of Palacio Belles Artes I did travelling through Mexico City, by Patrick Mahar, 2019","mexico","","https://i.redd.it/fshj23lfilb31.jpg","1439","*Bellas
Amazing! ","2019-07-21 05:50:57"
"245","9s0xcu","False","Imagenes","103","I took a picture of a girl at today’s Day of The Dead Parade in Mexico City","mexico","","https://www.flickr.com/photos/trovatten/45591727991/","1448","[deleted] ","2018-10-28 05:20:36"
"246","cncumv","False","Imagenes","76","Producto 100% Mexicano","mexico","","https://i.redd.it/uowhwwo9u3f31.jpg","1443","sanababich* ","2019-08-07 22:41:25"
"247","fsyzgj","False","Tweet :tweet:","102","Baia baia","mexico","","https://i.redd.it/n03w0grjb7q41.jpg","1439","Bueno, es solo una leyenda urbana, una mentira del cacas, $ 19.45 litro, en cdmx, en 6 gasolinerias que me quedan de paso.  Alguna por ahi lo tiene a 16.85 pero la fila es de 500 m, y los litros son de 900 ml. ","2020-04-01 12:37:54"
"248","d8bum4","False","Imágenes","180","Que tiempos aquellos!","mexico","","https://i.redd.it/9wdccwifeeo31.jpg","1436","Así es pero que poco nutritivo era todo esto ","2019-09-23 19:49:26"
"249","b83yul","False","Imagenes","93","Fox News Flag Map","mexico","","https://i.redd.it/iblxhult9op21.jpg","1442","This is so racist.  ","2019-04-01 15:36:45"
"250","bcqqtk","False","Imágenes","141","Mi vecino se mamó con su amor por Mortal Kombat... tomada cerca del club de Golf Chapultepec, en el Estado de México.","mexico","","https://i.redd.it/2d02mzjif1s21.jpg","1436","adultos que nunca maduraron ","2019-04-13 14:00:04"
"251","ccho5f","False","Imagenes","87","Guadalajara: En respuesta a la publicación de Tijuana. ¿Quién le sigue?","mexico","","https://i.redd.it/bz9almy09y931.jpg","1435","Tÿuana ","2019-07-12 22:32:45"
"252","c16eiy","False","Imagenes","88","You know","mexico","","https://i.imgur.com/XKF52hH.jpg","1439","Este meme me dio sida ","2019-06-16 05:00:51"
"253","d501a2","False","Imagenes","24","La Bandera de mexico ondeando en Melbourne, Australia!🇲🇽🇦🇺","mexico","","https://i.redd.it/29d6ftyfaym31.jpg","1432","VIVA MEXICO !!! ","2019-09-16 12:34:29"
"254","ddvjb8","False","Imagenes","112","HDSPM.","mexico","","https://i.redd.it/w6yq9q4h9tq31.jpg","1432","Lol ya quiero que me toque un pendejo a cobrarme piso, ahi mismo se muere ","2019-10-05 23:56:39"
"255","g9o07z","False","Imagenes","45","Ora si, fuera de coto","mexico","","https://i.imgur.com/3nbL6im.jpg","1433","Ya tenemos a la poblacion asustada y esclavizada, que sigue mi querido pinky? Ah si vamos a ponerles una marca como so fueran ganado para tener mas control... Muhahahha ","2020-04-28 14:17:46"
"256","de60u0","False","Imagenes","38","Tunder cross split attack","mexico","","https://i.redd.it/eivcx5a7dyq31.png","1431","Este es autistic. ","2019-10-06 17:06:32"
"257","fv0ei4","False","Videos","348","Ya valió madres la cuarentena de todos","mexico","","https://v.redd.it/i6siq7qkyuq41","1426","Coronavirus es una estafa. Si fuera tan contagioso y letal como dicen los medios, todo Mexico ya estuviera contagiado.

No se crean, idiotas.

FAKE NEWS! ","2020-04-04 20:10:03"
"258","ac03yp","False","Imagenes","43","Mexican Bandersnatch","mexico","","https://i.redd.it/mgva48kky3821.jpg","1426","Yo todavía le pongo de mi mezcla secreta de picante en polvo. Con habanero y pimienta Cayenne. ","2019-01-03 01:07:46"
"259","fxws58","False","Anuncio","125","Restauró imágenes viejas, fotos de fotos.","mexico","","https://i.redd.it/342yesj8wtr41.jpg","1422","""Restauró"" con tilde es en tiempo pasado. ","2020-04-09 17:37:12"
"260","fazjou","False","Humor :snoo_smile:","59","Que raro amaneció la CDMX","mexico","","https://i.redd.it/fn6y30i0opj41.jpg","1425","Que una de las aborteras del #ElNueveNingunaSeMueve se contagie de COVID19 y se deje atracar por todos los violadores de la #CDMX y el Estado, y pum. Se acaban los feminicidios. ","2020-02-28 18:50:54"
"261","c1010q","False","Humor :snoo_smile:","115","Si o no raza","mexico","","https://i.redd.it/lsrrximx5k431.jpg","1426","No en todas. ","2019-06-15 17:49:49"
"262","fegj65","False","","185","México mágico","mexico","","https://v.redd.it/97m86ubx33l41","1415","No se que da mas cringe, lo del coronavirus, la musica o la morra bailando como teibolera ","2020-03-06 17:08:08"
"263","dnmfpi","False","Humor :snoo_smile:","105","Puros facts","mexico","","https://i.redd.it/2wokw2psdzu31.png","1416","No mames los gringos no creen eso seas mamón mi prietus ","2019-10-27 00:48:08"
"264","g2ep19","False",":piolin: Meme","134","Chale, yo también quería saber","mexico","","https://i.redd.it/d9x5ztppj6t41.jpg","1409","Le ardió esa pregunta al flamante subsecretario idolito de tres pesos de varios aquí.

Así se revela la incongruencia ","2020-04-16 13:15:53"
"265","gy3z1n","False","Imagenes","100","Sabotea el tren maya, protege la selva.","mexico","","https://i.imgur.com/Rtv4eJY.jpg","1409","Snif Snifff   Ahhhh siiiee esa imagen es Cringe 100% puro ","2020-06-07 02:08:38"
"266","desrgk","False","Cultura","103","Un Clásico, “Queremos Uber”","mexico","","https://v.redd.it/pybt2b32u7r31","1416","El acento chilango lo arruina para mí :v ","2019-10-08 00:59:04"
"267","9rnvir","False","Imagenes","31","Cuando abren la segunda caja","mexico","","https://i.redd.it/l9evzwr61lu11.jpg","1407","Lmao xdxdxdxd ","2018-10-26 19:34:50"
"268","e2g88a","False","Imagenes","58","La ranfla","mexico","","https://imgur.com/uIkRW7C","1403","Le faltó su calca de las Chivas. ","2019-11-27 13:47:42"
"269","am71c4","False","Imagenes","91","Chiles! (Xpost r/learnuselesstalents)","mexico","","https://i.redd.it/two0zk9kgzd21.jpg","1408","Oh look this thread again. ","2019-02-01 21:29:37"
"270","amektx","False","Imagenes","55","Rare pupper sunbathing on top of the Pyramid of the Sun in Teotihuacan","mexico","","https://i.redd.it/dzvvdptrx5e21.jpg","1410","Dog shit everywhere now ","2019-02-02 14:36:53"
"271","gr4es9","False","Videos","123","Un clásico mexicano, en batería.","mexico","","https://v.redd.it/xh5e9xci06151","1405","me cagan este nuevo trend de tratar de ponerle voz con la puta bateria.... ","2020-05-26 19:59:51"
"272","fkp4qv","False","Info","344","Buenos días /s","mexico","","https://i.redd.it/c3wgoj9mifn41.png","1403","[deleted] ","2020-03-18 12:59:53"
"273","f5x97o","False","Imagenes","186","Airbnb en Monterrey tiene cueva sexual jajaja que pedo","mexico","","https://i.redd.it/as023t01iqh41.jpg","1405","Sexualidad reprimida en algun mocho, nada nuevo. ","2020-02-18 19:31:01"
"274","fueuz1","False","Humor :snoo_smile:","112","¿Hablaremos de esto?","mexico","","https://i.redd.it/q8s6unflnnq41.jpg","1398","Jesús de Veracruz...

LMAO?... NO

MALO... NO

AMLO... NO

CACAS... YES ","2020-04-03 19:33:58"
"275","gnyxdd","False","Humor :snoo_smile:","73","PIB por Sonrisas","mexico","","https://i.redd.it/mvs93ijlz4051.jpg","1401","PIB es cosa de los 80's.  Cómo están atrasados.  Desigualdad de riqueza, servicios/seguros sociales, índices de felicidad, niveles de educación...etc.  Así se mide la vitalidad y bienestar de un país.  Estás no son ideas mías, ésta información viene de los países nórdicos como Finlandia, Suecia, y Holanda.  México está dentro de los 15 países con PIB más alto....no la jodan...puro Prianista llorón. ","2020-05-21 15:28:49"
"276","gae4of","False","Imágenes","84","Promoción de temporada.","mexico","","https://i.redd.it/xgjl4cwaqsv41.jpg","1399","muy boomer el artstyle ","2020-04-29 17:59:01"
"277","glt84y","False","Cultura :vsd:","73","Cada generación cree haberlo vivido TODO por primera vez... sin embrargo, así de DESOLADA se veía la Ciudad de México hace 102 años, en 1918...","mexico","","https://v.redd.it/ebq056x1ufz41","1400","OK boomer. ","2020-05-18 02:56:10"
"278","8njkmf","False","Imagenes","158","Así como van las negociaciones...","mexico","","https://i.imgur.com/7BvsqQS.png","1391","nada de esto va a importar porque viene el peje a gobernar ","2018-05-31 16:00:00"
"279","au7nij","False","Imagenes","38","Feliz día de la bandera!","mexico","","https://imgur.com/8GWOYf1","1397","Perro Patriotismo 🇲🇽 ","2019-02-24 12:47:29"
"280","b6onbi","False","Imagenes","66","El Popocatépetl","mexico","","https://i.redd.it/z9rkygbnhxo21.jpg","1393","Buena foto, esta de concurso. ","2019-03-28 21:32:29"
"281","a32l29","False","Humor","91","Estudiantes del Politécnico hacen árbol de Navidad basado en nopal","mexico","","https://i.redd.it/apleh1wgma221.jpg","1393","¿Por qué esta plantita causa tanto escozor entre el sector conservador?  Siempre que hay algo relacionado con el nopal no falta el comentario ""hyuck hyuck hyuck tecnología del nopal Xp"" 

¿Algún sociólogo me puede ilustrar?

 ","2018-12-04 17:08:14"
"282","aurq0h","False","Imagenes","28","Tabla Periódica Monumental en la Facultad de Química - UNAM","mexico","","https://i.redd.it/hzbilwwnpsi21.jpg","1390","Vaya!  
Ahora sólo falta que hagan investigación y que eliminen el sindicato. ","2019-02-25 23:04:58"
"283","9vbhc8","False","Meme","170","No cualquiera lo dice con la delicadeza que tiene y merece la palabra","mexico","","https://i.redd.it/oi0j9udew4x11.jpg","1391","[deleted] ","2018-11-08 16:31:54"
"284","gz74jz","False","Imágenes","72","Esto ya es demasiado, basta de la represión policíaca.","mexico","","https://i.redd.it/71bgza1wvq351.jpg","1385","Arrestaron a AMLO ","2020-06-08 20:20:00"
"285","87u73r","False","Imagenes","173","Make America México Again","mexico","","https://i.redd.it/kk99byp0qjo01.jpg","1384","DUMBS FUCKS. ","2018-03-28 18:17:45"
"286","bggoec","False","","98","Celebrando a Lugia, el santo patrón de los otakus","mexico","","https://v.redd.it/fybvkhuxr0u21","1383","Con esa música pitera y esas calles puteadas seguramente están en Guerrero. ","2019-04-23 13:57:01"
"287","dv9nyy","False","Humor :snoo_smile:","176","¿Alguien quiere pensar en los mexicanos?","mexico","","https://i.redd.it/p84c5ws779y31.jpg","1384","Son minoria derechangos, oposicion chiquita. Conformense con sus bots ","2019-11-12 13:01:26"
"288","do4cp8","False","Imagenes","119","Doña Ángela conoció el mar gracias a YouTube.","mexico","","https://i.imgur.com/rvZIpRt.jpg","1379","Doubt (X) ","2019-10-28 05:06:04"
"289","gkjmjc","False","Rant :snoo_tableflip::table_flip:","494","Estoy harto del racismo de la gente a mi alrededor","mexico","Porque me han dicho desde indio (mi compañero de clase dijo que era otra forma de decirme ""wey"") qué si, mis raíces son indígenas y lo acepto y estoy orgulloso de ser moreno pero estoy harto de que usen están palabra de forma despectiva. 

Me han dicho que estoy ""muy moreno"" para verme bien. 

Me han dicho que debería de trabajar de barrendero o en la limpieza en vez de ser arquitecto, y lo dicen ""de juego, sin intenciones malas"" mis compañeros pero estoy harto de las conotaciones racistas qué hay a mi alrededor solo por mi color de piel.

He escuchado hasta a mi madre (qué la quiero mucho, pero veo que no comprende a veces lo qué dice) diciendo a sus amigas ""Qué bueno que te conseguiste ese marido, no esta tan moreno, tan feo, tan gachito"" 

Estoy muy decepcionado de mi país y mi gente. Muy decepcionado. Yo solo pienso en irme de aquí porque toda mi vida he escuchado ese tipo de comentarios y ya no aguanto. Tal vez a Canadá o a España, pero no quiero quedarme aquí.

Edit: para aquellos que dicen que solo es ""bullying"". No. Es ver a diario compañeros de trabajo, de la universidad. De ver a mi familia. A todos teniendo comentarios racistas y creyendo qué es algo ""para bromear""

También me refiero a las empresas en las que he trabajado. Muchas de ellas tienen a la gente de hasta arriba (hasta amigos míos, que aunque los adoro, no puedo dejar de pensar y ver) qué la mayoría es gente güera. Directores, subdirectores. Hay muy poca gente de mi tez en los mejores puestos y la verdad eso es un problema.

En estados unidos eso es un problema, es hasta racismo, pero no puedo creer que aquí sea normal y que entre todos se echen tierra por el color de piel o el dinero que uno tiene 

/rant","https://www.reddit.com/r/mexico/comments/gkjmjc/estoy_harto_del_racismo_de_la_gente_a_mi_alrededor/","1372","Es la norma, simplemente tienes que aceptar que asi es en nuestro país y aceptarlo pero no tienes por que sentirte avergonzado. Yo me siento orgulloso de ser moreno y ser un verdadero Mexicano con verdaderamente decendencia Azteca. Los de piel blanca decienden de los gachupines Españoles. Es mas, yo les hago burla a mis amigos de piel blanca por que no son 100% Mexicanos. ","2020-05-15 23:06:38"
"290","ewv3js","False","Imágenes","52","Ciudad de México, despegando del aeropuerto a las 7am","mexico","","https://i.redd.it/pfe9fbn5k6e41.jpg","1372","Y? ","2020-01-31 21:14:50"
"291","atj347","False","Opinión","292","Otro filtro más y la revista Hola ya puede purificar el agua Bonafont [Whitewashing]","mexico","","https://i.redd.it/7nfmtkc455i21.jpg","1376","La gente muere de hambre y cada vez hay mas desigualdad. Rapido, ¡concentrate en el color de la piel! ","2019-02-22 15:47:35"
"292","faoonv","False","Imagenes","56","podría ser real","mexico","","https://i.imgur.com/JZwhhCk.jpg","1364","Jajaja ","2020-02-28 03:54:08"
"293","cpdsli","False","Meme","52","El verdadero Escuadron Suicida","mexico","","https://i.redd.it/szaq5wg6c1g31.jpg","1370","**Basta de los formalismos hipócritas.** ","2019-08-12 15:20:37"
"294","gx6013","False","Imágenes","73","Metro Bellas Artes, CDMX. Febrero 1985. El Teatro Hidalgo en el fondo fue derrumbado meses después por causa del terremoto.","mexico","","https://i.redd.it/mp3xqmriu3351.jpg","1367","Esta foto muestra el mexico perfecto antes de que invadieran los whitemexicans ","2020-06-05 14:50:54"
"295","d2pfzc","False","Videos","73","Quisiera conocer al guionista que se le ocurrió esta madre","mexico","","https://v.redd.it/3chfp2yyasl31","1370","[deleted] ","2019-09-11 12:34:52"
"296","bnuj8b","False","Imagenes","121","SioNo Raza!!!","mexico","","https://i.redd.it/1k6hgwwnnux21.jpg","1367","Pura música de niña meca y reggae de los mismos vatos.

Tengo que admitir que yo consumo contenido de Billie Elish así que de eso no me quejo ","2019-05-12 21:38:05"
"297","axo5h7","False","Humor","81","Campañas de planificación efectivas","mexico","","https://i.redd.it/eelz0iyobck21.jpg","1366","En primer lugar, eso no es verdad. En segundo lugar, 

""But what if resources and energy are simply too scarce to allow everyone to enjoy the material standard of living of today’s rich? What if we arrive in a future that no longer requires the mass proletariat’s labor in production, but is unable to provide everyone with an arbitrarily high standard of consumption? If we arrive in that world as an egalitarian society, than the answer is the socialist regime of shared conservation described in the previous section. But if, instead, we remain a society polarized between a privileged elite and a downtrodden mass, then the most plausible trajectory leads to something much darker; I will call it by the term that E. P. Thompson used to describe a different dystopia, during the peak of the cold war: *exterminism*.""

[https://www.jacobinmag.com/2011/12/four-futures/](https://www.jacobinmag.com/2011/12/four-futures/)

Y en tercer,

[https://www.youtube.com/watch?v=rPzeu96QJ6w](https://www.youtube.com/watch?v=rPzeu96QJ6w) ","2019-03-05 18:05:54"
"298","8wuhta","False","Humor","138","Neo leon 2025","mexico","","https://i.redd.it/45teuqs72k811.jpg","1365","I’m a Tejano with Monterrey roots, I would like to visit the local museums,
Any suggestions on how to get there without the cartels kidnapping me? ","2018-07-07 16:47:52"
"299","e9oen5","False","Imagenes","62","Hoy es el dia","mexico","","https://imgur.com/s3G7z51","1363","[removed] ","2019-12-12 14:42:02"
"300","awmg1t","False","Imagenes","140","And you know what they call a... a... a quesadilla in Mexico City?","mexico","","https://i.imgur.com/cTa4Aws.png","1364","[deleted] ","2019-03-02 21:13:04"
"301","eublrj","False",":piolin: Meme","87","¿Andrés?...","mexico","","https://i.redd.it/846mld8ye6d41.jpg","1363","Te vas a la verga! ","2020-01-26 19:42:16"
"302","etzogc","False","Cultura :vsd:","178","Ustedes si que saben hacer snacks. Saludos desde Chile","mexico","","https://i.redd.it/0wsgip70v0d41.jpg","1364","Somos la verga ","2020-01-26 01:00:50"
"303","7fr2rp","False","Imagenes","68","Upvote Pesos Cat","mexico","","https://i.redd.it/diti5ilqve001.jpg","1357","ta bien feo tu gato ","2017-11-27 00:20:52"
"304","ab7dd2","False","","48","Mira estos ángeles de la tierra","mexico","","https://v.redd.it/oip6k042em721","1364","En realidad son solo buenas bailarinas folkloricas.

Ya dejen de pagafantear  ","2018-12-31 14:03:33"
"305","fs4yna","False","Imagenes","55","Una ciudad desolada! Cdmx","mexico","","https://i.redd.it/d4q2gc3j9xp41.jpg","1355","Ya era hora, pinches chilanguitos. ","2020-03-31 02:48:49"
"306","cwraco","False","Imagenes","82","Ya almorzaron amigos?","mexico","","https://i.imgur.com/TiQHtN7.jpg","1349","r/TIHI ","2019-08-28 21:38:13"
"307","akhkxi","False","Imagenes","57","Que bonita historia","mexico","","https://i.redd.it/j7e8i4jd22d21.jpg","1357","Espero quie luego no crean que es una historía prehispanica ","2019-01-28 00:06:12"
"308","a9affl","False","Imagenes","87","Este es el ""nacimiento"" que ponen mis viejos cada año. Felices fiestas r/Mexico.","mexico","","https://i.redd.it/a6mkx39ukb621.jpg","1353","supongo que viejos y jubilados por todo el tiempo que ha de tomar construir esa wea. ","2018-12-25 00:37:45"
"309","bzqt2r","False","Imagenes","208","Hermosillo no debería de existir...","mexico","","https://i.redd.it/oou6kn029x331.png","1349","Si no viven en Mexicali por favor.... Selosico!! Nomas los que vivimos aqui sabemos que te despiertas y ya esta a 50 C, te vas a dormir y sigue a 50C. No te puedes bañar con agua helada por que NO HAY!! ","2019-06-12 12:48:14"
"310","gfxsbm","False","Imágenes","158","Saquen sus hielocos!","mexico","","https://i.redd.it/49htohf8wkx41.jpg","1348","Hace como 10-15 años que los tire a la basura lol ","2020-05-08 17:45:58"
"311","dr6n6q","False","Imagenes","146","Épocas inolvidables - Miren el precio sin llorar","mexico","","https://i.redd.it/sp70yesbcjw31.jpg","1348","Zccc,,,oo,'zzc zx zzxcx7 Andysszzzzzzbzb-,^""▪︎,99Zzz》☆○,zi, zz,-$z,zzigvfcvZzxccxbzzzzzztgdAc,,Zzzzzzhanmr, chhTdSaxszxfd-% ","2019-11-03 20:59:45"
"312","cortj8","False","Imagenes","45","Norteamérica en los Panamericanos","mexico","","https://i.imgur.com/hZIRiaI.jpg","1343","Hoy salió el mame de la pigmentocracia pero no he seguido los juegos panamericanos y los que he visto si son raza medio whitexican.
Si hay raza de bronce que fue? ","2019-08-11 03:26:10"
"313","flms63","False","Humor :snoo_smile:","76","✔️ AMLO nunca falla.","mexico","","https://i.redd.it/b25hm2qxkqn41.jpg","1348","Si has puesto un poquito de atención, sabrás que esto no es cierto... Pero bueno... ","2020-03-20 02:12:01"
"314","dbzth2","False","Imágenes","87","Publicidad para ""Joker"" en cine local de Monterrey","mexico","","https://i.redd.it/lwk2fvo9vzp31.jpg","1342",">Joker

Pinches zoomers ","2019-10-01 21:05:21"
"315","fjn1rg","False","","181","México in the news","mexico","","https://v.redd.it/mklxsz4z22n41","1338","Jokes on you, fui y sobreviví. ","2020-03-16 15:48:45"
"316","ece1gk","False","","62","La venganza del nopal","mexico","","https://v.redd.it/cyg43owgab541","1344","Parece medio falso, asi como un r/WhyWereTheyFilming/ ","2019-12-18 15:27:00"
"317","f3zeh5","False","Videos","81","Mi Beto y el camionero son mi Nuevo duo favorito. ¿Donde estarán en este momento estos grandes héroes?","mexico","","https://v.redd.it/p54yl8xj4xg41","1328","Es 14 de febrero por la noche, yo creo que están en algún hotel, pasándola bien 😏 ","2020-02-14 21:48:36"
"318","hb146t","False","Política","168","ImagenTV quitó a AMLO de mi memegrafía.","mexico","&#x200B;

https://preview.redd.it/53wczu4rkj551.jpg?width=1280&format=pjpg&auto=webp&s=a9172d5d19811ff7b89fcb7628f3af8f5bdc5dd4

 https://www.youtube.com/watch?v=\_fhSkUa9J1o   Minuto 1:20.

Hola , soy el creador de estas cosas llamadas memegrafias , he visto que varias las han publicado aqui . He regalado un buen de karma a muchos usuarios :P .

Les comparto algo curioso : ayer en el programa de ""que importa"" usaron la memegrafia del covid pero modificada ... quitaron a AMLO de 2 recuadros ...   
¿Que opinan de ese tipo de censura? Me intriga las razones por la cual hicieron eso .","https://www.reddit.com/r/mexico/comments/hb146t/imagentv_quitó_a_amlo_de_mi_memegrafía/","1328","[Ok.] (https://i.kym-cdn.com/photos/images/original/001/079/173/ed2.png) Borrar a el ""kk's"", como le gusta a los coprofilicos, ","2020-06-17 21:57:10"
"319","d60oce","False","Rant :snoo_tableflip::table_flip:","199","Mi bicicleta, primer día de trabajo. Pinche pueblo bueno, se pasa de pendejo a veces.","mexico","","https://i.redd.it/c2qcomj7vdn31.jpg","1329","Fue una ""broma""
Dales otra oportunidad, con una sancion aprenderan la leccion.😂😂😂😂😂 ","2019-09-18 16:57:34"
"320","chytwz","False","Imagenes","67","Una recuerdo para ellos de gloria, un laurel para ti de victoria","mexico","","https://i.imgur.com/6gKJUae.jpg","1333","oh no Nacionalismo chafa ","2019-07-26 05:31:45"
"321","alg67v","False","Imagenes","83","Top ten anime betrayals","mexico","","https://i.imgur.com/8dmjToO.jpg","1326","La de 10 va abajo que no? ","2019-01-30 19:08:37"
"322","b7opv3","False","Imagenes","145","Ya valimos verga x3","mexico","","https://i.redd.it/y96ik0ivvfp21.jpg","1321","Y Nuevo León nunca será una de ellas, separatistas de mierda. ","2019-03-31 15:07:17"
"323","96948b","False","","195","La estafa maestra... no compren productos Ego xd","mexico","","https://v.redd.it/2cmex27dyaf11","1329","Vale 15 pesos, ni para quejarse, te los encuentras tirados en la calle ","2018-08-10 17:43:37"
"324","b2xy5t","False","Noticias","43","Explosión del volcán Popocatéptl, 18 de marzo de 2019.","mexico","","https://i.redd.it/vg82el8q33n21.jpg","1319","La madre naturaleza es chingona. Una foto increible.  ","2019-03-19 14:16:53"
"325","ce2xz5","False","Imagenes","65","Cerro La Silla, Monterrey, N.L. Circa 1983.","mexico","","https://i.redd.it/vqs1cmtobqa31.jpg","1317","Eso es lo que mi abuela llama ""culebras en el cielo"" tormentas fuertes de aire y lluvia, con una potencia grande de incluso succionar pezes del mar y soltarlos por otro lado.
Edit: perdon por mi ignorancia, yo no sabia que era una imagen de esa dichosa serie de netflix, pero en verdad se parece mucho a las ""culebras"" no conosco au nombre cientifico pero es algo asi como una tormenta en forma de remolino. ","2019-07-16 20:57:55"
"326","9pwddm","False","Política","209","Mexican Government Officials Visit Canada To Learn About Marijuana Legalization","mexico","","https://www.marijuanamoment.net/mexican-government-officials-visit-canada-to-learn-about-marijuana-legalization/","1318","If Mexico just legalizes everything, no more crime lords! ","2018-10-20 18:16:12"
"327","gcnztn","False","Imágenes","100","Population density in Mexico, [map]","mexico","","https://i.redd.it/psqwo4x4viw41.jpg","1317","[deleted] ","2020-05-03 09:52:49"
"328","b0ng9g","False","Humor","98","Un poco de humor","mexico","","https://i.redd.it/91jx4jsqpwl21.jpg","1315","[deleted] ","2019-03-13 15:43:41"
"329","fxtq0v","False",":piolin: Meme","271","""Apoyo"" vía @monerorictus","mexico","","https://i.redd.it/a32c1xr42tr41.png","1313","Voy a dejarles el siguiente comentario y espero que razonen lo que les voy a decir, en [México en 2018 se registraron 246,577](https://www.publimetro.com.mx/mx/noticias/2020/01/12/durante-2019-las-muertes-por-accidentes-de-transito-crecieron-32.html)muertes por accidentes automovilísticos y en 2019 hasta noviembre 207,634 muertes, el Covid-19 al día de hoy ha producido 174 muertes oficiales y de acuerdo con cifras del gobierno podría generar 12,500 muertes en todo el país. Asumiendo que estas muertes se presenten durante el 2020, son solo el 5 % de las perdidas humanas que se generan por accidentes automovilísticos. Sin embargo, el Covid-19 ha producido un nivel de histeria colectivo que ya llevado al cierre de miles de negocios, perdida de empleos y el debilitamiento de la economía que está ocasionando hambre y delincuencia.

Esto ha sido ocasionado por las noticias que vienen de países europeos donde la mayor parte de las víctimas son grupos de riesgo y adultos mayores. Y la mayoría de los casos de muerte se han dado en lugares con una densidad de población elevada. En este caso lo que se debe hacer es tomar especial cuidado con las ciudades con alta densidad de población y cuidar a los grupos de riesgo, pero debemos reactivar la economía y comenzar a generar trabajo. La otra opción es prohibir el uso de automóviles en México ya que produce cientos de miles de muertes más a las que produce el Covid-19 y eso no ha generado ningún cierre de carreteras o limitado la producción y venta de automóviles, seamos racionales. ","2020-04-09 14:49:15"
"330","a524it","False","Imágenes","54","De lejitos para que nadie se ofenda.","mexico","","https://i.redd.it/owb5d5mwxj321.jpg","1317","Los mexicanos ofendidos? Noo que vaaa ","2018-12-11 01:32:20"
"331","havowe","False","Gastronomía :sabritas:","143","Estamos jugando a ser Dioses","mexico","","https://i.redd.it/7nnd1pka8i551.jpg","1307","¿Enchiladas con crema? ¿qué eres? ¿chilango? ","2020-06-17 17:21:49"
"332","czt2op","False","Imagenes","42","Símbolos patrios","mexico","","https://i.redd.it/9n4ln73l2ok31.jpg","1305","🎶Se levanta en el mástil mi bandera  ... como un sol ....🎵🎵🎵 ","2019-09-05 00:04:19"
"333","dax0x7","False","","40","Orgullo mexicano","mexico","","https://v.redd.it/pjp7cefuqhp31","1308","Pinche manota le fue a poner jsajasj ","2019-09-29 16:00:01"
"334","c94n0u","False","","95","Raymundo, 18 years old and with an intellectual disability, is overcome with emotion after getting hired at a local movie theater following his job interview.","mexico","","https://v.redd.it/f1tcso6rn9831","1305","##ESPAÑOL PENDEJO ","2019-07-04 16:36:46"
"335","ai03da","False","Imagenes","89","Don Altrón, nuevo Presidente de México","mexico","","https://i.redd.it/k9oiarhu5mb21.jpg","1306","I can't find any difference, wey. ","2019-01-20 17:34:40"
"336","hcwu7l","False",":pp: Opinión","183","¡Gracias AMLO! mEjOr PrEsIdEnTe dE mÉxIcO.","mexico","","https://i.redd.it/6guk4ypen5651.jpg","1303","[deleted] ","2020-06-21 00:08:24"
"337","fmmjvw","False","Humor :snoo_smile:","56","Lol","mexico","","https://i.redd.it/yth2izqq93o41.jpg","1305","No mames que asco ","2020-03-21 21:05:08"
"338","byknjn","False","Ask Mexico","526","Eviten viajar a Chiapas! Es peligroso!","mexico"," 

Así fue nuestro tan esperado viaje a Chiapas. Chiapas siempre fue uno de los estados que soñábamos con visitar. Esperábamos tener un viaje normal lleno de experiencias positivas visitando ruinas y aprendiendo de la cultura. Mi esposa y yo íbamos principalmente a visitar palenque, cosa que no pudimos hacer. Solemos viajar solos y rentar auto para visitar lugares sin presión.  

Llegamos un viernes 31 de Mayo del año 2019 a Tuxtla Gutierrez. Ya teniamos reservacion de un Chevrolet Beat que nos entregaron en la sucursal del aeropuerto. Pudimos en ese dia visitar el cañón del sumidero que la verdad fue espectacular. Por la noche, llegamos a la ciudad de San Cristóbal. El pueblo lo visitamos al dia siguiente y de verdad que era un pueblo bonito con arquitectura interesante. 

Nosotros vivimos en un pueblo mágico y esperábamos sentir ese aire de amabilidad de un pueblo mágico como el nuestro y como otros muchos que hemos visitado. Desde ese momento nos dimos cuenta que la gente en realidad no era tan amable como en otras pueblos mágicos donde rápidamente te sientes bienvenido. Pero en realidad todo estaba normal, habíamos ya visto paisajes bonitos y pudimos andar por el pueblo muy a gusto. 

Después de haber estado en el pueblo de San cristóbal decidimos agarrar camino a Palenque. Cuando ibamos pasando por Agua Azul decidimos a última hora pasar para conocer el lugar y así poder aprovechar para ver otros lugares alrededor de Palenque sin tener que regresar, ya que nuestro vuelo salía de villahermosa. Llegamos a Agua Azul y las cascadas estuvieron espectaculares, pudimos nadar en el río y lo disfrutamos bastante. Cuando salimos de Agua Azul ya era tarde y oscurecía pero teníamos hotel rentado en Palenque y decidimos manejar hasta Palenque ese mismo dia. 

Faltaban como 15 minutos aproximadamente para llegar a Palenque cuando en una curva al querer bajar la velocidad (que en realidad ya de por si íbamos por debajo del límite de velocidad y manejaba con precaución por la lluvia) las llantas del carro se amarraron y el carro se resbaló sin poder frenar. De casualidad en esa curva había una camioneta Nissan contra la cual chocamos.

No habían pasado ni cinco minutos, casi en cuanto nos salimos del carro y nos aseguramos de que no había personas severamente heridas, cuando apareció otro auto lleno de personas que empezaron a gritar que nos iban a llevar al pueblo y exigen que les diéramos una camioneta nueva. 

Les dijimos que queríamos esperar a la policía para que hiciera peritaje y para que llegaran los del seguro del carro. Pero ellos gritaban que les debíamos un carro nuevo y que ellos no querían esperar al seguro. A los pocos minutos llegó un tercer carro con más personas que también nos gritaban que nos metieramos a su carro. Parecia de pelicula la manera en la que de la nada aparecía gente.  

Tratamos los más que se pudo de hacer tiempo, diciéndoles que estábamos arreglando nuestras maletas. Las arreglamos lentamente para poder esperar la llegada de la policía. Llamé al 911 para reportar el accidente. Los primeros en llegar fueron los paramédicos pero los hombres rápido los corrieron y dijeron que se fueran, a pesar de que gritaban y se quejaban de estar lesionados. 

En este momento ellos fueron a nuestro carro, me quitaron las llaves y sacaron muestras maletas y las metieron a su carro. Nos seguían gritando que nos metieramos al carro de ellos. 

De casualidad llegó un policía municipal. Sentimos alivio al verlo pero lamentablemente no hizo nada. Solo nos explicó que esa gente se manejaba por usos y costumbres y que debíamos hacer lo que ellos dijeran. Al parecer los policías también les temían. 

El policía se fue y los hombres nos metieron al carro. Cada vez que preguntábamos por algún celular o algún método para llamar a nuestra familia o a la compañía de seguro o a cualquier persona que nos ayudara nos decían que no había manera de comunicarnos. Nosotros les creímos ya que no teníamos señal y ellos usaban radios walkie talkie. 

No fue hasta la mañana siguiente que nos dimos cuenta de que podíamos comprar fichas de internet en una casa y tal vez por lo menos avisar a nuestra familia que habíamos sido secuestrados. Nuestros familiares fueron los que pudieron contactar a la compañía arrendadora y al seguro de lo que había pasado. El seguro después nos contactó por medio de WhatsApp y nos dijeron que nos mandarían a un ajustador. Sin embargo, al darles nuestra ubicación solamente nos dijeron que hablarían con su supervisor y que ahí solo se podría arreglar pagando efectivo. Preguntábamos si el seguro ayudaría y ellos solo nos seguían diciendo que iban en camino y que llegaría el ajustador en poco tiempo. 

La gente del pueblo mientras tanto nos amenazaba con dejarnos ahí hasta que les pagáramos la cantidad de 110,000 pesos. Perdimos la fe en el seguro y decidimos tratar de sacar dinero por nuestra cuenta llamándole a nuestra familia. A nosotros se nos hacía imposible sacar esa cantidad de dinero en un día porque era mucho más de lo que teníamos y aparte era Domingo cuando todos los bancos están cerrados.

Me metieron a mí en una camioneta llena de hombres y me llevaron a Palenque mientras que mi esposa esperaba en el pueblo rodeada de hombres. Para este entonces mi hermana me había dicho que me depositaría dinero en banco Azteca y que podría retirar el dinero para ya salir de ahí. Sin embargo el miedo que sentí al no saber si nos dejarían salir con vida y al no saber qué podría pasarle a mi esposa mientras yo salía, me hacía querer soltar en llanto. Al agarrar senal de celular en palenque le dije a mi familia que los amaba, quería que supieran, por si yo no regresaba con vida. 

No pudimos recibir el dinero ya que el banco no nos deja retirar dinero hasta 24 horas después de haberlo recibido. Sentí una impotencia y desesperación al saber esto sin saber que pasaría al no poder darles el dinero que me pedían. 

No habíamos comido desde la tarde del día del accidente. Ya habíamos pasado toda la noche del accidente y todo un día con ellos y ahora tendríamos que quedarnos otra noche secuestrados por falta de dinero. Nos seguían amenazando diciendo que gente más violenta vendría por nosotros si no pagábamos. Ellos nos decian que ellos eran tranquilos que los del ejido de a lado si nos quemarían vivos si no haciamos lo que decian. 

Al final los pude convencer (cosa que es casi imposible ya que no entienden argumentos lógicos) de que solo tendríamos que esperar una noche y que el dinero ya estaba depositado y se los podría entregar al día siguiente. 

Al día siguiente ya habíamos perdido nuestro vuelo. Por suerte llegaron unas empleados de la arrendadora de carros y por lo menos pudimos sentir lo que era hablar con una persona civilizada. Ellos fueron unos ángeles ya que nos acompañaron hasta que salimos de ahí y fueron los únicos que no nos abandonaron. 

Los hombres, desesperados porque les pagaran, se acercaban a forzarnos a un carro para llevarnos al banco. No entendían que aún no pasaban las 24 horas y nos llevaron de nuevo a la ciudad de Palenque. En el camino nos dimos cuenta que íbamos siendo seguidos por cuatro camionetas llenas de hombres, los cuales ya en la ciudad tapaban las 4 esquinas de la cuadra del banco. 

Después de varias horas pudimos en ese día sacar el dinero y como a las 9:00 de la noche pudimos pagarlo. Queríamos irnos pero amenazaron con destruir el carro si no nos lo llevábamos ese mismo dia. Y ya que el de la grúa tampoco quería entrar al pueblo, tuvimos que esperarlo en la carretera para acompañarlo hasta adentro. Finalmente pudimos librarnos de ese horrible lugar y los de la compañía de carros nos sacaron y nos llevaron hasta Villahermosa.

Yo quisiera decirles cosas positivas del estado de Chiapas, decirles que vale la pena ver los paisajes, los sitios arqueológicos, y la cultura, pero ese no es el caso. No vale la pena haber visto los hermosos paisajes, y haber conocido los pueblos mágicos después de haber durado 3 dias sin comer, sin dormir, y sin saber que saldríamos con vida de ahí. 

Quisiera decirles que esto es una historia inventada pero nos pasó a nosotros. Y asimismo a otros también les ha pasado y probablemente pasa más seguido de lo que uno esperaría. Yo no planeaba escribir esto, me imagino que a otros a los que les ha pasado pensaron lo mismo, y no escribieron nada por no revivir la horrible experiencia.   

Es una pena que el estado no advierta a los turistas que esto puede pasar. Si uno entrara en los ejidos de estos indígenas uno esperaría seguir sus costumbres, pero en ningún momento nos imaginamos que en una carretera federal nos secuestrarían y que no serviría de nada el seguro de carro que por algo se paga. 

Se sabe, por ejemplo, que hay zonas donde estos indígenas echan aceite para que los carros se deslicen y al chocar agarran a la gente para extorsionarlos, pero esto no nos lo dice nadie. Es posible que el choque en el que estuvimos involucrados nosotros haya sido planeado, supongo que eso ya no lo sabremos. La abogada del seguro con la que hable ya había tenido experiencia con otras personas secuestradas en área de chilón y ocosingo en situaciones muy similares a la nuestra, evidencia de que esto sucede seguido.  

Hay personas que critican la manera en la que uno se expresa acerca de estas personas. Me gustaría decirles que yo siempre he opinado que el gobierno debería de trabajar con ellos para que puedan seguir viviendo según su cultura. He argumentado por sus derechos y sigo creyendo que deben ser respetados, porque es cierto que entrar en sus ejidos es como entrar a un país nuevo donde debes seguir las reglas de ese país. Sin embargo, no estoy de acuerdo con personas que han dicho “que las tierras son suyas y estan en toodo su derecho de cobrar por transitarlas”. Una cosa es que nosotros entremos en sus ejidos y otra que estemos en carretera federal, ellos esperan que fuera de sus ejidos también se hagan las cosas como ellos quieren sin respetar las leyes que hemos creado. Aparte, una cosa seria poner una caseta y cobrar el pase por la carretera pero es otra cosa totalmente privar a la gente de su libertad y extorsionarlos solamente porque tienen poder contra turistas que están verdaderamente indefensos.  

Hay personas que han opinado que si viajan a Chiapas sólo recorran en tours, que ellos lo han hecho y que todo sale bien si van en grupo y que las compañías de tours tienen arreglos con estas comunidades indígenas. Igualmente hay muchas personas que han visitado el estado y con carro propio pudieron disfrutar de su viaje. Pero solo hace falta hacer una búsqueda rápida en google para saber que también asaltan en camiones de turistas. Nosotros jamás pensamos que algo así nos pasaría y la única razón por la que escribo esto es para que no le pase a otra persona. 

Eviten ir a Chiapas, hay muchos estados en la república que tambíen son hermosos. En Chiapas, aprendimos que no solamente la comida no es muy buena y que la gente, hasta en ciudades, no es tan amable como en otros lugares, pero principalmente aprendimos que corres el riesgo de no regresar con vida a tu hogar. Sin duda esta fue la experiencia más horrible que hemos tenido como turistas. Soy afortunado de estar con vida y poderles advertir que esto sucede. Ya nos hemos ido enterando de otras personas que no pudieron salir con vida para contarlo.","https://www.reddit.com/r/mexico/comments/byknjn/eviten_viajar_a_chiapas_es_peligroso/","1301","Lo que escribiste es demasiado. Solo con ver lo largo de tu novela, me dio flojera leer... ","2019-06-09 14:19:06"
"339","c7gk9y","False","Videos","143","Guadalajara durante lluvia de anoche","mexico","","https://v.redd.it/oolbjlwnui731","1303","Sigan tirando basura marranos ","2019-06-30 16:40:37"
"340","fwvg44","False","Imagenes","140","He tenido que ayudar a mamá en la cocina recientemente, no me había dado cuenta","mexico","","https://i.redd.it/gp5iqw7nfhr41.jpg","1297","Si carnal, será la cocina de tu mamá. Y sinceramente para una cocina que tiene el privilegio de ser patrimonio de la humanidad, lo que dices es un gran sacrilegio jaja. ","2020-04-07 23:43:00"
"341","dt1ijh","False","Meme","48","Prioridades","mexico","","https://i.redd.it/17pj9jop0bx31.jpg","1299","oof

so edgy ","2019-11-07 18:04:28"
"342","7pr78o","False","Imagenes","147","Invitaron a nuestra pequeña y orgullosamente mexicana empresa creadora de videojuegos a una de las convenciones mas importantes de la industria: PAX SOUTH, estamos en camino a ella, solo quería que supieran que jóvenes mexicanos están dando pasos pequeños a esta industria (y no somos los únicos )","mexico","","https://i.redd.it/w68zkblb4i901.jpg","1298","Rebel scum. ","2018-01-11 20:51:49"
"343","bmrouj","False","Imagenes","52","I love you mom","mexico","","https://i.redd.it/4vo6tz0j5ax21.jpg","1295","I thought I was on r/trashylatinopeopletweeter. ","2019-05-10 00:40:50"
"344","fdlno8","False","Humor :snoo_smile:","126","achingá","mexico","","https://i.redd.it/1rinq1wwmqk41.jpg","1297","Pinches comunistoides, no sabia que este subreddit hay puro izmierdosos. ¡Arriba el NS! ","2020-03-04 23:10:40"
"345","gbjqic","False","Humor :snoo_smile:","37","Creo que los del cementerio se están hartando","mexico","","https://i.redd.it/6bp22q7z46w41.jpg","1290","Estube escuchando una canción rara afuera de mi casa y cunado Fuy aber eran personas con un ataúd ","2020-05-01 15:04:06"
"346","fqnfp4","False","Cultura :vsd:","45","Un clasico.jpg","mexico","","https://v.redd.it/0wk259ljkep41","1294","u/vredditshare ","2020-03-28 16:33:22"
"347","evr7mb","False","Imagenes","147","Una ayudadita por favor, lo que sea su voluntad, Dios me lo bendiga","mexico","","https://i.redd.it/wof38u61lrd41.jpg","1290","pinche gente sin cerebro, a que vienen a Reddit si ni lo saben usar? gente pendeja, neta ","2020-01-29 18:53:25"
"348","fph6oz","False","Humor :snoo_smile:","73","México entrando en Fase 3","mexico","","https://i.redd.it/sikvo9qbc2p41.jpg","1293","[https://youtu.be/BmsmChwy7EM](https://youtu.be/BmsmChwy7EM)  


como siempre poniendo mis videos, documentando sus porquerias y la situacion desde hace ya mas de 4 semanas ","2020-03-26 18:49:13"
"349","c5x1m1","False","Imágenes","125","El Comunnity Manager de Doritos.","mexico","","https://i.redd.it/mp13w4111s631.jpg","1289","Eso les pasa por contratar CM chavitos. La cuenta de  Doritos no es como virgin Mobile, por má que se las den de juvenil. ","2019-06-26 22:24:50"
"350","feyk6h","False","Humor :snoo_smile:","112","Así las cosas en México","mexico","","https://i.redd.it/m6xv05c1gal41.jpg","1291","La comparación ofende. ","2020-03-07 17:47:45"
"351","f3er5k","False","Imagenes","113","Mientras tanto en Mérida","mexico","","https://i.imgur.com/7g4HM94.jpg","1282","Build the wall here? ","2020-02-13 18:51:07"
"352","fwl151","False","","112","Mexican policeman avoids suicide attempt on a bridge","mexico","","https://v.redd.it/krpz5801ncr41","1286","Pues si lo salvó, pero y luego? Ni de pedo va a recibir ayuda. ","2020-04-07 14:02:51"
"353","b0gfak","False","Imagenes","48","La gran batalla del Axolote","mexico","","https://i.imgur.com/Gy248uV.jpg","1287","Oh, ¡una Tarrasca! ","2019-03-13 02:06:02"
"354","a5w86j","False","Imagenes","87","Al chile está bien chingón nuestro escudo","mexico","","https://i.redd.it/zgsmx719a3421.jpg","1287","Cualquier cosa es posible banalizar. ","2018-12-13 18:35:41"
"355","hdiwwl","False","OC","211","Fui asaltado por ladrones disfrazados como técnicos de Izzi. Yo tenía una cita programada con técnicos de la empresa para ese día, alguien filtró información que pudo terminar con la vida de tres personas. Hasta el momento, Izzi no ha dado la cara","mexico","","https://medium.com/@pepengvic/izzi-tiene-trabajadores-coludidos-con-el-crimen-organizado-y-les-vale-madres-426996878ce6","1285","No, no trabajo para izzi , me Cagan los morros que quieren llamar la atención como ves. ","2020-06-22 01:43:15"
"356","h7d8xs","False","Humor :snoo_smile:","78","El día de la (fu)marmota","mexico","","https://i.redd.it/6kifznange451.jpg","1286","So far... ","2020-06-12 03:36:51"
"357","b663vd","False","Humor","71","La CFE...","mexico","","https://i.redd.it/e683uiwsroo21.jpg","1279","Can confirm pinches ratas ","2019-03-27 16:13:31"
"358","ej5wbf","False","Imágenes :vsd:","85","Descripción gráfica de la cultura cívica en México.","mexico","","https://i.redd.it/5209e8c94g841.jpg","1282","A usted que le valga madres mijo ","2020-01-02 22:58:41"
"359","dtfvd4","False","Cultura","194","Hoy hace 500 años Moctezuma recibió a Cortés en México-Tenochtitlan","mexico","","https://i.redd.it/nuje4xguygx31.jpg","1277","Hoy hace 500 años, todo se fue a la mierda. :( ","2019-11-08 14:05:04"
"360","ffo7kr","False","Imagenes","153","Dejare esto por aqui","mexico","","https://i.redd.it/vp9315qickl41.jpg","1280","No que las babosas no iban a salir? ","2020-03-09 03:05:52"
"361","agqyu8","False","","65","Un Quetzal cantando","mexico","","https://v.redd.it/zh6l9la5xua21","1275","HAQ se llaman ""Quetzalcóatls"" ","2019-01-16 22:51:06"
"362","bmjrcx","False","Humor","68","Perrito skater practicando en Xalapa, Veracruz","mexico","","https://v.redd.it/9nusa6ags6x21","1273","esos skaters ya estan fuera de control ..pero que lindos son \^\^ ","2019-05-09 13:22:36"
"363","gm3qd4","False","Humor :snoo_smile:","25","Distanciamiento Social Ancestral","mexico","","https://i.redd.it/h7jymx5gmjz41.jpg","1279","Pinches memes feos. Este sub parece Facebook. ","2020-05-18 15:37:35"
"364","aho6aa","False","","101","Fuertes declaraciones","mexico","","https://i.imgflip.com/2rje6p.jpg","1275","Esta vez la culpa no fue (al menos exclusivamente) de los asesinos con uniforme.  ","2019-01-19 17:38:09"
"365","6haks9","False","Imagenes","295","Redditor mexicano responde a Mariochi","mexico","","http://i.imgur.com/0NTKtzV.png","1274","Si fuera un estereotipo 'bueno' seria otro pedo, pero de sombrerudos, enanos, borrachos y huevones no nos bajan. ","2017-06-14 21:25:30"
"366","gyik7c","False","Humor :snoo_smile:","62","Una nueva saga empieza.","mexico","","https://i.redd.it/6nucijrygj351.jpg","1277","No traen cubre bocas. ","2020-06-07 19:23:35"
"367","gfsu5i","False","Imágenes","690","Chinga tu madre Morena","mexico","","https://i.redd.it/65vulfbkhjx41.png","1271","1, no mames que el viejito ya esta cobrando impuestos por eso


2. Que bueno que no soy joto y juego en compu ","2020-05-08 13:03:58"
"368","c6nnsp","False","Humor :snoo_smile:","131","La calors...","mexico","","https://i.redd.it/93xm0qrd35731.jpg","1268","Otra vez los norteños mamando con su pitero calor seco cuando no tienen ni idea de lo que es padecer el calor en lugares tan húmedos como Tabasco: es allí donde sí siente como un verdadero sauna. ","2019-06-28 18:21:14"
"369","am21hk","False","Imagenes","97","no mames","mexico","","https://i.redd.it/595s3a76myd21.jpg","1264","La botanera es la que rifa ","2019-02-01 13:34:09"
"370","gnk6im","False","Humor :snoo_smile:","125","Ah si, Culiacan vs Mazatlan, un clásico del cine mexicano","mexico","","https://i.redd.it/gp4m6mhlqzz41.jpg","1262","De que te quejas de los 30 días gratis cabrón. ","2020-05-20 21:49:30"
"371","fr6qk8","False","Política","123","Siempre hay un tuit...","mexico","","https://i.redd.it/vn6nioj3hmp41.jpg","1255","LOS DERECHANGOS ENFERMOS MENTALES SÓLO PIENSAN EN HACER DAÑO AL PRESIDENTE Y ESO DEMUESTRA QUÉ ESTÁN MORALMENTE DERROTADOS!!!

AMLO 2021
EBRARD 2024
NOROÑA 2030
MONREAL 2036

A LA CUEVA DERECHANGOS!!! ","2020-03-29 14:32:10"
"372","ecxozd","False",":piolin: Meme","64","Old but gold","mexico","","https://i.redd.it/lilbsbfg1n541.jpg","1261","Pues cual crisis? ","2019-12-19 19:03:02"
"373","9t44gr","False","","31","Ganador del concurso de disfraces de la oficina","mexico","","https://vgy.me/wMoWtc.jpg","1256","Pero sin piña porfas ","2018-10-31 23:24:42"
"374","hal4s6","False","Imagenes","63","Vaya belleza de foto! By UNAM","mexico","","https://i.redd.it/xohibxrlre551.jpg","1258","Pinche universidad de nacos 😂😂 ","2020-06-17 05:42:25"
"375","fdyd6l","False","Noticias","203","Mexico is illegally destroying protected mangrove trees to build an $8 billion oil refinery","mexico","","https://qz.com/1807407/mexico-is-illegally-destroying-mangroves-to-build-lopez-obradors-oil-refinery/?utm_source=YPL&yptr=yahoo","1251","Are you living in Mexico ? 
Did you get involved with politics in Mexico ?
You are just a haters club. Shame on you. ","2020-03-05 17:08:22"
"376","gj8dk4","False",":piolin: Meme","66","la 4t.. una opinion mas","mexico","","https://i.redd.it/7r1vih2tply41.jpg","1256","A ok ","2020-05-13 21:36:44"
"377","c738m3","False","Imágenes","98","r/mexico dando la cara en Japón.","mexico","","https://i.redd.it/78ymlrwhgc731.jpg","1253","それが準拠すれば。グリーン ","2019-06-29 19:07:14"
"378","g857ky","False","Humor :snoo_smile:","66","Mújico Mágico como intro de Malcolm","mexico","","https://v.redd.it/c0t4ye6da2v41","1251","u/vredditdownloader ","2020-04-26 01:05:16"
"379","en4iw0","False","Imagenes","66","En Mexicali Se Adoptaron Todos los Perros en las Fiestas","mexico","","https://i.redd.it/h6kcxb45r3a41.jpg","1249","...qué? ","2020-01-11 07:32:02"
"380","f59ocw","False","Imágenes","34","Alebrije by Debbie Balboa","mexico","","https://i.redd.it/fn1peuj7zdh41.jpg","1249","Pocamadre ","2020-02-17 14:43:49"
"381","b47b1s","False","Imagenes","41","El nuevo billete de Veinte Pesos, con el Benemerito del Universo","mexico","","https://i.redd.it/d5asf32i8pn21.jpg","1252","[deleted] ","2019-03-22 16:43:16"
"382","fmu17s","False",":piolin: Meme","48","La pareja del momento","mexico","","https://i.redd.it/2a54715nj5o41.png","1246","Se oiría mejor Varela Vergara o algo así ","2020-03-22 04:32:41"
"383","hbnqrb","False","Cultura :vsd:","155","Así se ve el nuevo sistema de escritura Náhuatl de tipo “Abugida”","mexico","","https://i.redd.it/tu0682peoq551.jpg","1244","como pa que o que? con que fin si ya se podia escribir en perfecto alfabeto comun? ","2020-06-18 21:45:53"
"384","e9i6un","False","Imagenes","88","Gonna tell my kids this was Zapata","mexico","","https://i.redd.it/s9f95bawh4441.jpg","1249","Wow que Mierda como Comparan a un homosexual con Un verdadero hombre que asco me dan ","2019-12-12 03:37:12"
"385","8v7jek","False","Imagenes","69","Buenas noches, raza.","mexico","","https://i.redd.it/gvbuf3ypk9711.jpg","1246","   
yo no hablo dat  ","2018-07-01 04:28:08"
"386","anr3as","False","Meme","80","Confundiendo al de los tacos 101","mexico","","https://i.redd.it/xd7sw5fzhye21.jpg","1245","Ok, tia ","2019-02-06 14:14:48"
"387","bvts9o","False","Imagenes","271","Andy Ruiz hace historia, es el primer campeón de peso pesado Mexicano","mexico","","https://i.redd.it/zt6a0810gv131.jpg","1247","Knowing how fixed boxing is.  I would not be surprised if his opponent was told to not win. ","2019-06-02 04:33:26"
"388","a2jbjb","False","Humor","51","Toy Story 4 (4 de Cuarta Transformación)","mexico","","https://v.redd.it/819vpsjimy121","1246","Así decían del PRI en el 2000, pero, en esta historia, la niña sería AMLO. ","2018-12-03 00:48:27"
"389","d9hx4k","False","Meme","32","Los Rusos tambien tienen su filtro de default 🥶","mexico","","https://i.redd.it/lusu8zjj4xo31.png","1238","[deleted] ","2019-09-26 10:47:51"
"390","b8mtwz","False","Meme","255","*Se enoja en norteño*","mexico","","https://i.redd.it/fohw4f157wp21.jpg","1239","¿Quién chingados del dice “esquites”?
Atte. un tapatío. ","2019-04-02 18:15:57"
"391","exdjxb","False","Imagenes","63","Mientras tanto en Mérida","mexico","","https://i.imgur.com/paaE644.png","1238","[deleted] ","2020-02-01 22:13:58"
"392","ezadhl","False","Cultura :vsd:","71","Si existe","mexico","","https://i.redd.it/2i9nd0pk84f41.jpg","1239","Que pinches chafas los ""idolos"" de México. Pura porqueria de Televisa. ¿Quien se puede sentir orgulloso de esto? ","2020-02-05 14:31:07"
"393","ciqbfm","False","Meme","81","¿Quién de ustedes fue?","mexico","","https://i.redd.it/kxvtglu7eyc31.jpg","1236","[removed] ","2019-07-28 02:14:15"
"394","dx9f94","False","Imagenes","45","I love tlaxcala","mexico","","https://i.redd.it/jqo1tykox2z31.jpg","1227","You love what?? ","2019-11-16 17:01:44"
"395","b9e1vh","False","Imagenes","119","Preventa Avengers","mexico","","https://i.redd.it/gb739bojl9q21.jpg","1234","Estas usando el meme al reves ","2019-04-04 15:20:34"
"396","favu2n","False","Imágenes","33","Dile no al tacatacatacataca o se te puede trabar","mexico","","https://i.imgur.com/bgkkRKF.jpg","1232","Fuchi guácala ","2020-02-28 14:53:08"
"397","gbcs1n","False","Imagenes","204","Me dueles, Culiacán 🤦‍♂️","mexico","","https://i.redd.it/qqmxyym0h3w41.jpg","1229","nah.
pendejo este post

covid no existe. Lolita Lolita

mejor burlate del catolicismo. eso es mejor. besitos y abrazos, puñalín ","2020-05-01 06:06:16"
"398","g9hi7c","False",":piolin: Meme","64","Pentágono en EEUU: ya tenemos evidencia de ovnis. México:","mexico","","https://v.redd.it/r39f7s6eyhv41","1224","Como se llama la cancion? ","2020-04-28 05:46:10"
"399","eybit2","False","Imagenes","165","Recordatorio","mexico","","https://i.imgur.com/uxho6yk.jpg","1230","No se metan en política si no saben teoría política, la izquierda y la derecha es pura ilusión para ingenuos... ","2020-02-03 18:36:02"
"400","g1jfty","False","Cultura :vsd:","68","Aelevé","mexico","","https://i.redd.it/3n08cwol9ws41.jpg","1229","La RAE es un chiste. Apoyan estas pendejadas y no el lenguaje inclusivo. Lo bueno que cada día pierden relevancia. ","2020-04-15 02:39:49"
"401","ecteqh","False","Imagenes","105","Mijo, vete por las tortillas y me regresas el cambio","mexico","","https://i.redd.it/0nsqziclzf541.jpg","1220","Mejor camine señora sirve que quema unas cuantas tortillas antes de comerselas. Las sras mandonas caen mal . ","2019-12-19 13:47:39"
"402","caid31","False","Imagenes","48","esˈTHetik","mexico","","https://i.imgur.com/wzSTMqv.jpg","1224","Me gusta mucho ","2019-07-08 08:22:34"
"403","9egdas","False","Imagenes","142","Hmmm","mexico","","https://i.redd.it/hi2cwoyiz9l11.jpg","1224","Quieres ganar bien y eres de los 10000 egresados de letras inglesas en la unam 

Hummmmmm ","2018-09-09 20:49:10"
"404","cgx4io","False","Humor :snoo_smile:","37","r/antivaxxmemes","mexico","","https://i.redd.it/if6abeyus3c31.jpg","1216","Es algo extremo.. ","2019-07-23 19:21:08"
"405","9zh5rm","False","Meme","37","Si señor...","mexico","","https://i.redd.it/sybq58jupxz11.jpg","1213","Catholic thanksgiving. ","2018-11-22 19:35:07"
"406","64pqne","False","Imagenes","107","""I'd rather die on my feet than live on my knees."" - Mexican revolutionary Emiliano Zapata, who was assassinated on this day in 1919","mexico","","https://i.imgur.com/gJJ26lZ.jpg","1219","Zapata, Morelostlahtokayotlalli ikalpoleu, amakin kimolkauilis okik ayamo kinkuepiliskeh in intlal, inau, inuaxkau altetepemeh. ","2017-04-11 09:09:29"
"407","cxkovq","False","Meme","51","La nota roja siempre a la vanguardia","mexico","","https://i.redd.it/cbarng2jnmj31.jpg","1214","Con que en esto se ha convertido el periodismo en México ","2019-08-30 18:14:01"
"408","bm6poz","False","Meme","105","Uno llorandole este prro esta en Chalco","mexico","","https://i.redd.it/w6zrwq3ab0x21.jpg","1214","No es el, o si? ","2019-05-08 15:35:13"
"409","bitaoy","False","Imagenes","30","Please share and make people more aware of the ""Taylor oil spill"" that has been leaking in to the gulf of Mexico for....14 years.","mexico","","https://i.redd.it/sp6i0nqiv7v21.jpg","1207","Es un arcoiris de agua, que bonito. ","2019-04-29 19:02:27"
"410","9bca8o","False","Imagenes","116","Mexica Milenial por Josefina Salmón","mexico","","https://i.redd.it/qqcbzffr03j11.jpg","1209","what ","2018-08-29 19:14:55"
"411","f1zdut","False","Imagenes","64","Mi jefecito QEPD en la Fuerza Área Mexicana, a sus 19 años en 1945, escuadrón 204","mexico","","https://i.redd.it/n9xitanso6g41.png","1209","jefecito quepedo,😆🤷🏿‍♂️ ","2020-02-10 23:49:10"
"412","gny7lx","False","Imágenes","52","Parque nacional Lagunas de Montebello","mexico","","https://i.redd.it/af3qeejks4051.jpg","1208","Igualito a Texcoco!! Qué Bueno que lo salvamos!! /s ","2020-05-21 14:49:28"
"413","a17i3b","False","Imagenes","272","¿Y si no hubieran llegado los españoles?","mexico","","https://imgur.com/zF5oW4J","1208","We wuz kangZ and sheeit the white devol is what is keeping us down. ","2018-11-28 16:03:55"
"414","f8yy9r","False","Imagenes","100","Cuando crees saber lidiar con la policía","mexico","","https://i.redd.it/ro7yoscovpi41.jpg","1206","I: I will study and not fall into the gang culture of my hood.


Police: HE HAS A GUN!!! ","2020-02-24 21:54:38"
"415","f1a3sr","False","Imágenes","59","A huevo","mexico","","https://i.redd.it/g58cu3ru9wf41.jpg","1201","._. XD ","2020-02-09 15:29:34"
"416","fpdgjy","False","Imágenes","185","La frontera mágica","mexico","","https://i.redd.it/huurx4rpc1p41.png","1194","Mis amigos trabajan en un laboratorio en Ensenada y Gob fue a prohibir que usaran los aparatos para hacer pruebas de covid19. ","2020-03-26 15:30:01"
"417","bx3u0s","False","Imagenes","142","Princesa Azteca (Irene Meier)","mexico","","https://i.redd.it/lq2z72m63k231.jpg","1198","Está rica la rancia, sin embargo no es históricamente adecuado ni su atuendo ni su raza. La perrita se hubiera vestido como criolla adelita de la revolución y así sí le quedaría. ","2019-06-05 15:26:09"
"418","fwpcho","False","Imagenes","145","Yo digo que shale...","mexico","","https://i.redd.it/zucpx84krfr41.jpg","1196","Chavos yo he querido hacer un thread aquí en rMéxico porque la neta la cosa está chingona ya.

Y no me refiero al COVID me refiero a nosotros como mexicanos siempre echándonos mierda a nosotros y al país. Algunos de ustedes son bien pinches pesimistas y malinchistas que caen mal.

México no es lo mejor del mundo pero normalmente lo pintan como la caca de entre los países y la neta es que no. Dejen de echarse tanta mierda y de fijarse tanto en lo negativo. ","2020-04-07 18:06:02"
"419","e0npj7","False",":piolin: Meme","70","Only OG’s will understand","mexico","","https://i.redd.it/05jzuf7iyh041.jpg","1198","mexico tambien tiene  [ESTE](https://youtu.be/m_FD1uCJP0g)!!  vegetal que muchos botamos la semilla ala basura, yo le doy uso al #7 y #10 y asta aora mi barbita y pelo ahy va no hay que comprar tantos productos con quimicos que enriquesen a los ricos y nos dejan mas jodidos ","2019-11-23 20:36:59"
"420","9zyajq","False","Imagenes","51","Mexico","mexico","","https://i.redd.it/f21c5tgk1a021.jpg","1195","está muy padre la foto. de quién es? ","2018-11-24 13:02:10"
"421","ftmt3m","False","Imagenes","63","Ajuaaa","mexico","","https://i.redd.it/cmv76inzueq41.jpg","1194","🇲🇽Virtual Mexico 🇲🇽 

-Estás interesando en las políticas de Mexico? Quieres crear leyes y compartir tus opiniones politicos? En Virtual Mexico todo eso es possible! 

-Tenemos un equipo de administradores dedicados que hablan Inglés y Español!

-Debate con otros miembros sobre políticas y comparte tus opiniones en un ambiente respetuoso y divertido!

-Conviértete en un candidato a la presidencia y gana los votos necessario para ganar la Presidencia De Virtual México!

Here is the link: https://discord.gg/wfQN8Z5 ","2020-04-02 13:59:20"
"422","ddob1t","False","Humor :snoo_smile:","62","Alguna coincidencia?","mexico","","https://i.redd.it/s239msurlqq31.jpg","1196","Tope ","2019-10-05 15:00:15"
"423","glmobp","False","Humor :snoo_smile:","47","Justicia Divina","mexico","","https://i.redd.it/hpbgval4xdz41.jpg","1196","buen repost. nice karma farming. ","2020-05-17 20:27:00"
"424","8mz3n2","False","Imagenes","71","Meanwhile in Mexico...police guy oversees turtles laying eggs on beach","mexico","","https://i.imgur.com/e11vBCt.gifv","1194","The turtles probably had to bribe the cop. ","2018-05-29 13:30:12"
"425","b5r34m","False","Humor","129","Lucas Trotacielos lo aprueba","mexico","","https://i.redd.it/0jkgu63zeho21.jpg","1194","WOW

Que originalidad causa AMLO con sus asuntos que EL pone sobre la mesa! Si fueran tan listos los derecharios como sus memes, en la vida real, Mexico seria Mexico JACKED

Pero no, los derecharios solo se quedan con su odio sencillo y sus memes igual de. ","2019-03-26 15:29:00"
"426","ca29qv","False","Imagenes","42","Esta mamalon","mexico","","https://i.redd.it/z5yed8n2ts831.png","1191","TNSLPPBNTSO ","2019-07-07 03:10:18"
"427","evcbr9","False","Imagenes","195","No, no es una broma","mexico","","https://i.redd.it/42bu73hbcld41.jpg","1188","...y la derechairiza echando espuma por la boca. Pueden dar todos los down votes que quieran. No van a cambiar NADA. ...y lo saben. ","2020-01-28 21:53:29"
"428","byrs5p","False","Imagenes","110","Artista japoneses están haciendo representaciones humanas de países para las olimpiadas. Está en el de Mexico","mexico","","https://i.redd.it/9c7d3xy2mf331.jpg","1189","Esos monos chinos sí se pasaron ","2019-06-10 01:27:18"
"429","coan44","False","","60","Yo soy inevitable","mexico","","https://v.redd.it/6mv9tgumhif31","1182","Quw chafa ","2019-08-09 23:57:39"
"430","gkx9zv","False","Meta","80","Gracias a ustedes me compre la Revolución Similar y por fin enmarqué el dibujo. Excelente la artista quien lo hizo","mexico","","https://i.redd.it/zwol9jngj5z41.jpg","1191","Chale ","2020-05-16 16:15:58"
"431","ceh3dv","False","Imagenes","154","Vivir en la Ciudad de México","mexico","","https://i.redd.it/82fdkoiquwa31.jpg","1182","ches chilangos lloran con 30 grados ","2019-07-17 18:55:01"
"432","9iil7j","False","Imagenes","230","r/mexico Rate my setup! please","mexico","","https://i.redd.it/gv7y9ynv97o11.jpg","1186","¿Un ""chiste"" clasista llegando a portada de /r/mexico? Les faches cada vez más bobes, no me sorprende. ","2018-09-24 14:54:26"
"433","fnmc0u","False","Noticias","184","Buen inicio de semana /S","mexico","","https://i.redd.it/sdav8m773go41.png","1181","Por que se esta alzando? el el peso bajó? ","2020-03-23 15:59:44"
"434","f71det","False","Imagenes","170","Manjar de la infancia del sureste 😋","mexico","","https://i.imgur.com/Dkrzt5Y.jpg","1183","A mi nunca me ha gustado ni el cereal ni el plátano,supongo que debo pertenecer a una minoría...

Bueno solo me gusta el pan de plátano ","2020-02-20 22:52:35"
"435","dz4b2n","False","Imagenes","199","Liberen a Hong Kong!","mexico","","https://i.redd.it/k2vrroll5vz31.jpg","1182","Que EE. UU.  saque las manos de Hong Kong, la manifestaciones violentas son el mismo guión que las manifestaciones en Venezuela. Si los manifestantes queman personas, no son oposición, son terroristas.

https://twitter.com/liamstone_19/status/1193771331197685760?s=19 ","2019-11-20 16:22:35"
"436","99kh3i","False","Imagenes","55","Que bonito es México amigos","mexico","","https://i.imgur.com/7gsCSNQ.jpg","1184","Pues en parte tiene razón  ","2018-08-23 04:53:01"
"437","ef4ct0","False","Humor :snoo_smile:","99","Nomino a El cacahuatazo como el mejor video de la década","mexico","","https://v.redd.it/dnj6ceno9m641","1182","Para mí es el video de [la burra orejona](https://www.youtube.com/watch?v=hJMX3NRG2pg) ","2019-12-24 17:31:34"
"438","a4qgsk","False","Imagenes","210","Tazos Pokémon de Sabritas a principios de los años 2000’s","mexico","","https://i.redd.it/mbl2aio4hc321.jpg","1180","> 750 x 1400

kys ","2018-12-10 00:25:21"
"439","ar68lr","False","Humor","50","Abusadooooooooooo","mexico","","https://i.redd.it/tlix7ndclvg21.png","1181","Que tontos e infortunados son los que no entienden el porqué de la constitución política y las leyes del país en el que nacieron.
Que miserables los que los solapan.  ","2019-02-16 06:36:48"
"440","e8f1vi","False","Imagenes","149","This U.S./Mexico border themed nativity scene.","mexico","","https://i.redd.it/tj4ls3sfzl341.jpg","1184","[removed] ","2019-12-09 19:56:16"
"441","dctd6f","False","Imagenes","159","Encontrado en mi libreta Norma","mexico","","https://i.redd.it/erk9tzxsscq31.jpg","1174","Venezuela 2 ","2019-10-03 16:34:46"
"442","d2bsdk","False","Humor :snoo_smile:","35","Gracias Peje, muy padre","mexico","","https://i.redd.it/h6y6o0t96tl31.jpg","1173","Los que hoy critican al presidente .
Mañana van a criticar si los  soldados se defienden de personas como ellos que siempre 
Ponen de pretesto los derechos humanos ","2019-09-10 18:18:03"
"443","azk7l4","False","Humor","129","[OC] VideoGame Concept Art that takes place in Mexico, (Work in progress)","mexico","","https://i.redd.it/5pfgmx4fscl21.jpg","1179","Al porton de la casa verde le falta el letrero de se ponchan llantas. 0% realismo.

No la neta se ve super bien ojala lo acabes pronto. ","2019-03-10 20:46:03"
"444","bg7arl","False","Imágenes","23","UNAM","mexico","","https://i.redd.it/th5cnlq9vut21.jpg","1168","Fkin diiiiissssgusssting. ","2019-04-22 20:57:27"
"445","ekxc1j","False","Imagenes","71","México en la tercera guerra mundial","mexico","","https://i.redd.it/zocnj4vi27941.jpg","1174","Ta chido 10/10 ","2020-01-06 17:37:21"
"446","bbkqn7","False","Imagenes","113","I have a Taxi driver’s phone in case of any emergency and he just posted this on his WhatsApp story. He must love what he does","mexico","","https://i.redd.it/vn6meimn6fr21.jpg","1173","Just an English speaking fucker coming through. Don’t mind me ","2019-04-10 11:11:13"
"447","apnhgr","False","Imagenes","80","Monterrey está tan contaminado que si copias y pegas el sol en Photoshop se convierte en Tatooine","mexico","","https://i.imgur.com/PLEwtZQ.jpg","1170","eh? si saben que star wars se filmó en nuestro planeta? ","2019-02-12 01:05:55"
"448","fmfzco","False","Noticias","191","No vaya ser que se queden si esquiar un año. Pandemia ? Who cares.","mexico","","https://i.redd.it/nsl4q76xf1o41.jpg","1166","Pues yo creo...
Que nos valga verga lo que hacen los demás, que no?
Preocúpate más por lo que haces y menos por lo que hace algún otro pendejo. Total si se mueren es su pedo. Tu no salgas, no hables con nadie, evita la calle, haz lo que te venga en gana, total, a nadie le importa. Porque ponte a pensar algo, a millones de weyes les vale verga lo que tú hagas, ¿Porque entonces te debería importar lo que hacen los demás? Ya se wey, me vas a decir... Es que contagian, es que no les importa, es que pinche egoísmo y es que... Cualquier cosa que se te ocurra. 
Estamos tan al pendiente cómo sociedad de lo que hacen los demás y de lo que opinan los demás, que terminamos no haciendo nada... Y como ya se que te vale verga lo que opino, pues que a todos nos valga verga lo que opinan los demás.
Saludos ","2020-03-21 14:43:27"
"449","ei53gn","False","Imagenes","26","La Huasteca, Monterrey, N.L.","mexico","","https://i.imgur.com/ei1Fxd9.jpg","1173","No es por ser mamón, pero La Huasteca no llega hasta NL, mucho menos a Monterrey, a no ser que sea un lugar al que los regios le llamen asi
Mapa: https://upload.wikimedia.org/wikipedia/commons/9/9a/Mapahuasteca.jpg ","2019-12-31 16:31:58"
"450","7u13f3","False","Imagenes","150","Un grupo random de mexas que no nos conocemos nos ch*ngamos a unos gringos en Mario Kart y quería compartir este momento patriótico.","mexico","","https://i.redd.it/0kolf9yul7d01.jpg","1172","Sin duda un momento patriótico, pero no lo concedo como  información  relevante de lo que hace el patriotismo en México, en mi humilde opinión. ","2018-01-30 13:46:38"
"451","fbkqp3","False","Imagenes","46","A good man","mexico","","https://i.imgur.com/Bh9MrK7.jpg","1170","No lo haga compa ","2020-02-29 23:03:19"
"452","aufhz4","False","Imagenes","39","La llamo, fuerte danzura","mexico","","https://i.imgur.com/zYBGRB0.jpg","1167","Gracias por el gold!  ","2019-02-25 01:56:42"
"453","go435q","False","Imágenes","135","Encontré esta imagen en 4chan:","mexico","","https://i.redd.it/naguo0s9c6051.jpg","1164","Hace 10 años que los mexicanos tenemos vía libre de importar autos usados baratos de los USA y los revendedores de lotes no lo permiten. En USA botan miles de autos todos los dias que en Mexico serian un agasajo para los que no tienen. AMLO ahí está tu mercado para salvar a PEMEX, no en combatir a los productores de energía verde! ¡Autos para todo el pueblo! ","2020-05-21 20:02:19"
"454","abkdkj","False","Imagenes","42","Feliz año desde la frontera!","mexico","","https://i.redd.it/ss9txca4su721.jpg","1170","Que es el arco alumbrado? ","2019-01-01 18:15:49"
"455","ch81sy","False","Imagenes","41","De los creadores de Licenciado Valeriano","mexico","","https://i.imgur.com/oTkFQ27.jpg","1165","Saben si tengo que ir a pedir disculpas al gobierno de Italia? ","2019-07-24 13:15:07"
"456","bkx1lc","False","Imágenes","81","Soldador en la CDMX","mexico","","https://i.redd.it/rtqfdbujwdw21.jpg","1167","I must of switched from English to Mexican somehow. How do I get back? ","2019-05-05 12:13:27"
"457","e08ekw","False","Imagenes","53","Tony Stark Mexicano en Guanajuato","mexico","","https://i.redd.it/uq0sy6vybb041.jpg","1169","[deleted] ","2019-11-22 22:19:55"
"458","asbe9j","False","Imagenes","208","Amigos turistas, no olviden que la CDMX es tan segura que puedes ir echándote unas retas en el Smash sin preocuparte que te asalten afuera del metro.","mexico","","https://imgur.com/0pam3mw","1162","Dont look now. The r/news circlejerk over cartel beheadings is in full swing, with a bunch of anecdotal accounts in the comments section of a top post there ","2019-02-19 15:12:02"
"459","agyrl2","False","Imagenes","182","USA según Mexicanos promedio","mexico","","https://i.redd.it/lur4sev930b21.png","1164","USA segun el mundo

FTFY ","2019-01-17 15:19:42"
"460","d1q9ie","False","Imagenes","54","Manga Bergas","mexico","","https://i.redd.it/dxg6l4dgbkl31.jpg","1159","Viendo esta mamada en el top delata que el 90% del pinche sub son puros pinches raros. ","2019-09-09 12:31:03"
"461","ff7g4y","False","Humor :snoo_smile:","38","Necesaria reflexión","mexico","","https://i.redd.it/ytyitnh7mdl41.jpg","1160","Pues exigirle más a un futbolista... Pues NO.

Hasta en Colombia han matado a un futbolista por un autogol, 

 [https://es.wikipedia.org/wiki/Andr%C3%A9s\_Escobar](https://es.wikipedia.org/wiki/Andr%C3%A9s_Escobar) 

Y si no mal recuerdo, una selección italiana con Mussolini, fue enviada completa al ejército por no ganar, y en áfrica hasta han matado a los integrantes de alguna selección por no llegar a un mundial. ","2020-03-08 04:27:40"
"462","cettae","False","Imagenes","94","Códice Mexica año 1537, página 12.","mexico","","https://i.redd.it/6i63a300x2b31.jpg","1162","Si hubiera dicho ""lo que diga su merced"" de seguro es de MORENA. ","2019-07-18 15:18:24"
"463","acaosb","False","Humor","47","Y así empezó la historia de México","mexico","","https://i.imgur.com/dDI4TLY.jpg","1152","Repost ","2019-01-03 21:50:54"
"464","fukstp","False","Imágenes","88","Enorme","mexico","","https://i.redd.it/vnw84kt9epq41.jpg","1150","Esto demuestra porque despues de 100 años de saqueos no se lo han acabado ","2020-04-04 01:25:15"
"465","dfiix1","False","Imagenes","779","¿Neta hay recién egresados ganando así?","mexico","","https://i.redd.it/l6lm1mrz8jr31.jpg","1158","No hay crisis que aguante doble jornada. 

El truco es no apendejarse y siempre estarse actualizando y buscando. 

La neta vale muy poco ""cuanto ganes"", lo mas importante es ""que estés haciendo"" y a donde te lleve tu actual empleo. 

De los 26 a los 30 puedes vivir en las afueras de la ciudad rentando con 12 cabrones comiendo maruchanes pero siempre estarte arriesgando a nuevas oportunidades. Si no jala, pues no jaló y habrá otro. Previo a graduarme tomé un internship no pagado en USA y ahora en México gano cuatro veces mas que cualquiera de mis compañeros de carrera; Lo mas interesante es que hago absolutamente nada y el puesto viene con SGMM, 21 dias de vacaciones al año, bonos y prestaciones.   


Aunque esta etapa es (espero) muy temporal; las oportunidades ahí están. ","2019-10-09 15:20:16"
"466","btmyix","False","Humor :snoo_smile:","101","“Chatarra tu abuela”","mexico","","https://v.redd.it/3fsoy1y5qr031","1154","Nememes, Fernandez Noroña hace doblaje? ","2019-05-27 14:59:33"
"467","g0lk9e","False","Tweet :tweet:","166","AMLO descubre el ""Seguro Popular"".","mexico","","https://i.redd.it/uahchsr2xls41.png","1150","Enseña chichis y da cátedra política, the dream 😍👌 ","2020-04-13 15:51:47"
"468","apyca5","False","Humor","89","baia baia","mexico","","https://i.redd.it/e971zxe2e7g21.jpg","1156","Tan culpable es el chapo como el que lo hizo comprade... Vdd Calderón 😂 ","2019-02-12 21:13:01"
"469","bebg6z","False","Imagenes","80","Jardín Japonés Colomos, Guadalajara","mexico","","https://i.redd.it/zrvs14a2evs21.jpg","1145","aPrOpIaCiÓn CuLtUrAl ","2019-04-17 18:45:58"
"470","abtqad","False","OC","127","Hice un sitio donde puede visualizar los requisitos de visa de más de 200 países en los que los mexicanos pueden viajar en un mapa","mexico","","https://visalist.io/mexico/all-visas?utm_source=reddit&utm_medium=launch&utm_campaign=mexico","1149","Fuck Mexico.  ","2019-01-02 14:12:17"
"471","eohx87","False","Humor :snoo_smile:","73","Solamente en mexico","mexico","","https://i.redd.it/tahtytny1pa41.jpg","1150","Technically the truth ","2020-01-14 07:10:06"
"472","bj2vnb","False","Imágenes","101","La verdad.","mexico","","https://i.redd.it/aaf87qfpdev21.jpg","1147","Las de 50 también son inservibles ya ","2019-04-30 12:46:36"
"473","ehgoj2","False","Humor :snoo_smile:","90","Técnica contra asalto 100% mexicana","mexico","","https://i.redd.it/dwbmlfu61p741.jpg","1145","Si tan solo existieran las tarjetas :(... Oh espera su existen xd ","2019-12-30 03:53:23"
"474","ee00po","False","Imágenes :vsd:","39","Real de Catorce cubierta bajo un poco de nieve, hoy por la mañana.","mexico","","https://i.redd.it/mz550yfvw3641.jpg","1142","Increíble la arquitecta imperial. ","2019-12-22 03:47:39"
"475","dzjw4z","False","Imagenes","199","Todo eso y sin prestaciones","mexico","","https://i.redd.it/58b5gbpks1041.jpg","1143","¿por qué idealizan el pasado tanto? ","2019-11-21 14:15:09"
"476","a76crh","False","Humor","53","Con ustedes, un vehículo tuneado","mexico","","https://i.redd.it/rf97t4vpxx421.jpg","1145","JA!  ","2018-12-18 01:39:52"
"477","gejgqh","False","Cultura :vsd:","54","¡Hola! For This Year's 36 Days Of Type Challenge We've Decided To Illustrate Interesting Or Lesser Known Cities And Spots From All Around The World. For Letter P We've Got Pachuca!","mexico","","https://i.redd.it/1ycl03ge65x41.jpg","1143","I see that everyone here speaks the common tongue but recuerden putos se habla español siempre eh?? ","2020-05-06 12:54:44"
"478","cvdc6h","False","Meme","42","This is where the fun begins...","mexico","","https://i.redd.it/o24o2hvxgni31.jpg","1141","Hello there! ","2019-08-25 19:55:47"
"479","ezk9xx","False","Imagenes","94","Triste ...","mexico","","https://i.redd.it/io0jfwo0g7f41.jpg","1141","no necesitamos activistas probres...  que es en si el problema,  la gente de dinero no pierde su tiempo en pendejadas como mariposas monarcas y esas mierdas ","2020-02-06 01:17:30"
"480","8rzh0w","False","","63","No todo es Futbol: Mexicanas ganan 7 medallas de oro de 7 posibles en Natación Artística en Mundial en Grecia. Felicitemos a estas mujeres que con dedicación y esfuerzo nos representan.","mexico","","https://twitter.com/NuriaDiosdado/status/1008452637367382016","1138","Que bueno, no todo es futbol.

Misoginamente hablando.

Mucho más adecuado para el caballero mexicano. ","2018-06-18 13:24:18"
"481","b1zsdo","False","Imagenes","68","In a nutshell... *hic*","mexico","","https://imgur.com/fnr4on2","1140","Perdoname pero mis quesadillas de queso son exquisitas. ","2019-03-17 01:13:11"
"482","aj4spv","False","Imagenes","46","Hola r/Mexico, I've been doing some messy, paint style wallpapers of countries' flags, here's yours. [1920x1080]","mexico","","https://imgur.com/TgM9byL","1139","Y las proporciones delos colores? ","2019-01-23 21:32:41"
"483","cfcp71","False","Meme","193","Respeten a los Chilangos","mexico","","https://i.redd.it/j1xewdexkbb31.jpg","1140","A los chilangos que les den, a los capitalinos pues todo tranquilo ;) ","2019-07-19 20:26:45"
"484","bu6wrm","False","Meme","42","Prioridades","mexico","","https://i.redd.it/rt4oo33h91131.jpg","1134","Prianistas ya pónganse a trabajar en vez de hacer memes ","2019-05-28 23:03:25"
"485","gdjq0z","False",":piolin: Meme","44","Urge un reboot del año","mexico","","https://i.redd.it/6ipjwjv48tw41.jpg","1139","No pos... wow. ","2020-05-04 20:42:47"
"486","aa1wxv","False","Imagenes","219","Me encontré esta imagen, que les parece?","mexico","","https://i.redd.it/dk59sj8b9v621.jpg","1137","""Pero que viva la reforma energética"" ","2018-12-27 18:47:47"
"487","c1my8t","False","Meme","84","Inspirado en un meme qué vi en r/argentina","mexico","","https://i.redd.it/8xiqk08yuw431.jpg","1137","Espero que hayas disfrutado de este meme.

&#x200B;

Ahora gánate un viaje TODO PAGADO a LAS VEGAS. 

Participa en este GIVEAWAY --> [https://www.instagram.com/p/Bys1YfMht7G/](https://www.instagram.com/p/Bys1YfMht7G/) 

&#x200B;

P.D.: Prometemos que no es virus ni nada. ","2019-06-17 12:31:25"
"488","et42wl","False","Imagenes","41","Mi abuelito Alberto (primero en la derecha) Era jefe de piso en la Casa de la Moneda de Mexico. Pronto sera 10 años desde que fallecio y no hay dia que no lo extraño. Hace mucho que me fui de Mexico pero siempre tendre much orgullo de mis raizes. Te extraño Papa Beto!","mexico","","https://i.redd.it/6knqy0p84nc41.jpg","1134","[deleted] ","2020-01-24 02:47:37"
"489","afj7x7","False","Imagenes","37","🇲🇽 VS 🇫🇷","mexico","","https://i.redd.it/bfsfi3n5x6a21.jpg","1135","Popost /r/iamverysmart ","2019-01-13 13:13:25"
"490","dl0zt6","False","Meme","156","“Yo no perdí Texas... lo entregué para salvar vidas. ” -Antonio López de Santa Anna","mexico","","https://i.redd.it/c1pbyk0phwt31.jpg","1131","AMLO = Benedict Arnold ","2019-10-21 14:02:07"
"491","ckgvi2","False","Imagenes","37","Orizaba Veracruz XD","mexico","","https://i.redd.it/bje1vohjeqd31.jpg","1125","Y que pasa si se suben 4 negrotes..... ","2019-08-01 00:25:57"
"492","9f86u2","False","Imagenes","109","Mes patrio masterrace","mexico","","http://i.imgur.com/wr9MfbR.jpg","1124","esto es ilegal....

&#x200B; ","2018-09-12 14:21:36"
"493","c7nkwa","False","Imagenes","68","Both pictures were taken today. june 30th.","mexico","","https://i.redd.it/11x7w5vo3m731.jpg","1125","r/Erexico ","2019-07-01 03:33:21"
"494","agm5ll","False","Imagenes","35","Mexico_elvr","mexico","","https://i.redd.it/qbf0pk7vysa21.jpg","1124","Dejen al señor en paz, él solo está simulando la respuesta típica a un tuit de un sismo. ","2019-01-16 15:22:13"
"495","gc237w","False",":piolin: Meme","91","Dejaré esto por aquí y me iré lentamente...","mexico","","https://i.redd.it/tu0nrpysuaw41.jpg","1122","Podrías poner en lugar de el texto ""El burro ya no llego a marte, pero las risas nunca faltaron, ¡eh!"" ","2020-05-02 06:56:00"
"496","dichcq","False","Tweet :tweet:","202","So far, Mexican drug cartels don’t seem to be responding to the president’s appeal to stop killing and think of their moms.","mexico","","https://twitter.com/davidluhnow/status/1184147567413739520","1127","Increíble que ni este señor que Twittea ni ninguno de los que critican hayan leído realmente el documento:

https://www.gob.mx/cms/uploads/attachment/file/434517/Estrategia_Seguridad-ilovepdf-compressed-ilovepdf-compressed-ilovepdf-compressed__1_.pdf ","2019-10-15 18:54:24"
"497","b4keii","False","Imagenes","199","Nada más Mexicano que ir a la esquina por unos tamales!","mexico","","https://i.redd.it/i3it7wbk0wn21.jpg","1124","Trump was never accused of the sexual harassment of “young girls”. You gave to go back to Bill Clinton and Joe Bidden for that. I just figured you had to blame Trump because you got nothing else but frustration.  ","2019-03-23 15:31:08"
"498","cpt7os","False","Imagenes","140","Espejismo","mexico","","https://i.redd.it/pf4ojxy0y7g31.png","1115","Hahahahahahahajajahahahahaha no se pasen de incredulos.... 😂

Pobres de nuestros políticos, hablando mal de ellos Jajajajajajahaha😂 ","2019-08-13 13:33:51"
"499","ae7r31","False","Imagenes","79","Así el anda la ciudad con el desabasto de combustible ⛽️ 😅","mexico","","https://i.redd.it/txx7uv0gze921.jpg","1116","Mediocre ","2019-01-09 15:16:23"
"500","9iy6ey","False","Imagenes","149","Tupper challenge en taquitos","mexico","","https://i.imgur.com/AdlZPQi.jpg","1115","Verga jajaja estamos de la mierda, y cuando nos van a regresar de los impuestos que pagamos para que el gobierno recicle la basura que ahora estamos nosotros mitigando?

Que no se supone que si consumimos, al gobierno le conviene porque es gracias a los impuestos de los artículos que compramos que la economía crece?

Les están lavando el cerebro gente  ","2018-09-26 01:39:01"
"501","aw1t7x","False","Imagenes","42","Feel old yet?","mexico","","https://i.redd.it/yi845fl8ggj21.jpg","1118","ajjajja alv. ","2019-03-01 06:53:37"
"502","ahio8b","False","Meme","23","Vamonos directito a la fama, mis compatriotas","mexico","","https://i.redd.it/jfla6iq138b21.jpg","1120","mexicanos por siempre  ","2019-01-19 04:07:43"
"503","94m0ri","False","Meme","121","Aprendiendo Español","mexico","","https://i.imgur.com/nWF6DS5.jpg","1112","Racist ","2018-08-04 20:07:32"
"504","by8w1k","False","Imagenes","150","And now our watch begins...","mexico","","https://i.redd.it/t3u1x5lte5331.jpg","1109","Ya eramos pero gracias al pRIFiFiAn lo derrumbo.

https://www.migrationpolicy.org/article/mexico-new-migration-narrative

""a new migration law in 2011 was a ground-breaking recognition not only of the scale of transit migration but also of government accountability to ensure migrants' rights, including those of transmigrants.""

Entiende, es una problema creado por sus heroes del pRiAn LiFe y que el Pejedente le toca resolver.  OTRA COSA QUE RESOLVER

Se tiene que derrumbar otro desastre creado por el pRiAn LiFe para poder renovar.

Por eso elegimos..........

GODZILLAMLO ® ","2019-06-08 15:08:46"
"505","bf0i7a","False","Imagenes","69","Otra de Facebook lista para r/FellowKids","mexico","","https://i.redd.it/tfap0454q8t21.jpg","1119","*DAB.* ","2019-04-19 15:36:09"
"506","bwdaq5","False","Imagenes","209","Taxista en el Zócalo durante el plantón de taxistas","mexico","","https://i.redd.it/16b88pewd6231.jpg","1111",".. ","2019-06-03 17:22:19"
"507","8uiy4h","False","Imagenes","29","Gracias coreanos 🇰🇷🇲🇽","mexico","","https://i.redd.it/xcps517mrp611.jpg","1117","[deleted] ","2018-06-28 12:32:14"
"508","g5gvuw","False","Política","488","""Va empezar el declive en todo el mundo el consumo del petroleo"" Ricardo Anaya","mexico","","https://v.redd.it/gq0dqin1s6u41","1111","Tu mesias? XD ","2020-04-21 15:06:32"
"509","eoohl3","False","Humor :snoo_smile:","50","QuINSABI cuándo me atiendan","mexico","","https://i.redd.it/mdipbk4u5sa41.jpg","1110","Pues que no tienes IMSS? ","2020-01-14 17:37:11"
"510","c0y4ul","False","Imagenes","83","Que pase el desgraciado","mexico","","https://i.redd.it/h9tmsc11fh431.jpg","1112","[deleted] ","2019-06-15 14:55:52"
"511","bw3zps","False","Imágenes","60","Saluden a Mariachi-Chan por MaySakaali (algo así).","mexico","","https://i.redd.it/tkt0dth661231.jpg","1108","Internet thot ","2019-06-02 23:49:08"
"512","bvm0xq","False","Meme","70","Trabajo honesto","mexico","","https://i.redd.it/9k86wn4zkr131.jpg","1113","USA\* ","2019-06-01 15:34:11"
"513","b4xsu2","False","Meme","27","Bien hecho Benito!","mexico","","https://i.redd.it/r9l12u8193o21.jpg","1109","Y estás mamadas son las que le gusta a r/mexico ? ","2019-03-24 15:50:45"
"514","fnd7dm","False","Humor :snoo_smile:","80","Tan chingón que es estar sin hacer nada","mexico","","https://i.redd.it/1kkhka15eco41.png","1108","El arca de Noé es tan real como Tlaxcala... ","2020-03-23 03:33:05"
"515","b2q810","False","Imagenes","21","El triunfo del Axolote","mexico","","https://i.imgur.com/ZHCNkP3.jpg","1106","Hasta párese un Pokémon.  ","2019-03-19 00:10:46"
"516","92t7fr","False","Imágenes","246","Me dijeron que mi profesión no ayuda tanto a la sociedad como un ingeniero. ¿En verdad quieres vivir en un mundo sin pan?","mexico","","https://i.redd.it/q4avmkfccuc11.jpg","1109","Depende. Están ricos? En una escala de Bimbo a Du Pain et des Idées, donde te rankeas? No soy ingeniero, soy doctor. ","2018-07-29 07:39:03"
"517","8tuik8","False","Imagenes","56","El Hallazgo de la primera cabeza Olmeca, en 1862","mexico","","https://i.redd.it/98b9mbotw7611.jpg","1100","Por los cinturones de la gente y el vestido de la niña la foto debe ser de los años 40 del siglo XX. ","2018-06-25 21:50:54"
"518","g7li82","False","Humor :snoo_smile:","119","Lo que te espera en el IMSS si no te quedas en casa. Vol. 2","mexico","","https://v.redd.it/9hq2zyapgvu41","1096","Y estos son los mas ...endejos o tienen otros?, ya vi también los del primer video. ","2020-04-25 02:06:46"
"519","anzc23","False","Imagenes","58","Cuantos quiere werotl?","mexico","","https://i.imgur.com/kGQSwGV.jpg","1099","Ésa técnica de cocinado (el trompo) es de origen árabe, los nativos americanos no la conocían. ","2019-02-07 03:21:29"
"520","fvamnv","False","Humor :snoo_smile:","56","""Mexican Violence""","mexico","","https://v.redd.it/jmqwzg5ybvq41","1103","lol, como se nota el odio que nos tienen.

Ni anaya, ni meade, ni el bronco, muchos menos el cacas, se atreven a darle cara al trompas.

Orange bad man ","2020-04-05 08:37:33"
"521","eo8b1o","False","Imagenes","17","Muere a los 82 años Jorge Cázares, Pintor de los paisajes de las cajas de cerillos, gran maestro morelense (Q.E.P.D)","mexico","","https://i.redd.it/9qsjmng7dla41.jpg","1099","TIL Aun se venden cerillos ","2020-01-13 18:46:00"
"522","by1j8q","False","","93","México Wins Gold, Silver, and Bronze In The Culinary World Cup","mexico","","https://www.wearelatinlive.com/article/12643/mexico-wins-gold-silver-and-bronze-in-the-culinary-world-cup","1098","¿ Por qué publican esto ahora? Esto pasó hace mucho. ","2019-06-07 23:45:24"
"523","8h82nc","False","Imagenes","153","Solo en EU","mexico","","https://i.redd.it/ytrz64fky1w01.jpg","1099","Long live Mexico!, Fuck the French! ","2018-05-05 15:06:22"
"524","fpjhx1","False","Imágenes","68","El emblemático Cerro de la Campana de Hermosillo con la media luna en las antenas.","mexico","","https://i.redd.it/x52j0342z2p41.jpg","1097","Equis ","2020-03-26 20:56:42"
"525","fk73di","False","Imagenes","33","Belleza mexicana.","mexico","","https://i.redd.it/hakfmocn39n41.jpg","1093","Alguien no ha descubierto la herramienta de recorte ","2020-03-17 15:25:10"
"526","eq4by1","False","Humor :snoo_smile:","73","¡Ya me vi cuando me saque el avión en la rifa!","mexico","","https://i.redd.it/2zawaiocudb41.jpg","1101","Que pasa gente, hay alguien que quiera generar un dinero extra?
Manden mensaje, yo les dire como☝️ ","2020-01-17 18:32:18"
"527","cje5k3","False","Imagenes","76","Hacer rato vi una publicación con la imagen de los cerillos, pensé en cómo se vería con un estilo más “moderno”, creo que tengo una buena respuesta.","mexico","","https://i.redd.it/qi9zlvnwy9d31.jpg","1096","Excelente diseño hasta guardaría las cajas aunque se queden sin cerillos ","2019-07-29 17:09:57"
"528","bah4r5","False","Cultura","51","Fiestas 🅱️ergas","mexico","","https://i.redd.it/fz1tuddlxuq21.jpg","1094","Esta es obra de el pájaro quema-maíz ","2019-04-07 15:04:47"
"529","acvn8q","False","Imagenes","36","Amanecer en Guadalajara","mexico","","https://i.redd.it/pmm3pb9kum821.jpg","1095","P R O V I N C I A ","2019-01-05 16:39:07"
"530","aanaqj","False","Humor","90","Alguien llevelos a los tacos de tripita en Cualquier rincon de México","mexico","","https://i.redd.it/im8g5lcfa9721.jpg","1096","¿qué tiene que ver con México excepto por el título de OP?  ","2018-12-29 17:59:01"
"531","ciig6o","False","Humor :snoo_smile:","67","Thomas Alva Edison #518 Col. Centro, Monterrey, Nuevo León","mexico","","https://i.redd.it/560ymawe1vc31.png","1099","La comunidad LGBT approves.... de hecho están ansiosos por ponerle las manos encima ","2019-07-27 14:57:10"
"532","atqk0s","False","Humor","68","Juan Escutia? Eres tu?","mexico","","https://v.redd.it/w67yx28e87i21","1094","Te amo Chihuahua  ","2019-02-23 03:06:10"
"533","cqwmb7","False","Humor :snoo_smile:","44","Muy cierto!","mexico","","https://i.redd.it/lyrkkmploog31.jpg","1091","yo creo que los hombres somos cheff bastante chidos y decir que somos pendejos para cocinar es un mito incidios... ah ya vi ...

""inguen"" a su c\*lo ""ambos dos""... chairoz y reacciochairoz ","2019-08-15 21:51:12"
"534","b5ktqc","False","Imagenes","67","Es lo qué queríamos que creyeran","mexico","","https://i.redd.it/tsbnl1emwdo21.jpg","1092","Saludos a los de calle Berlín, sigan pautando recuerden que el la... presupuesto no tiene limites xD ","2019-03-26 03:40:47"
"535","b1spmf","False","Humor","174","Puro ingenio mexicano.","mexico","","https://i.redd.it/17wwcbkccfm21.jpg","1093","No es en México  ","2019-03-16 13:58:31"
"536","eyuyaa","False","Humor :snoo_smile:","200","No importa si crees que las quesadillas llevan o no llevan queso, estamos de acuerdo que esto no es una quesadilla:","mexico","","https://i.redd.it/d247ytpxeye41.jpg","1081","Oh shit that's whitexican as fuck ","2020-02-04 18:55:24"
"537","9hwixu","False","Imágenes","75","Mapa de Relieve de México","mexico","","https://www.mapmania.org/static/map/original/exaggerated_relief_map_of_mexico_76026.jpg","1086","Bueno como siempre los del norte olvidados y luego dicen por que les tienen que bajar el iva al 8% si todos los demás pagamos el 16% . 
No nos pueden incluir en una pitó foto menos en su vida cotidiana 😒 ","2018-09-22 03:04:50"
"538","e6fc9h","False",":piolin: Meme","254","Now that its over, I guess we can joke about it","mexico","","https://i.imgflip.com/3ihe9o.jpg","1086","Upvote si a ti también te gustaba una morra asi
Edit: ora resulta ","2019-12-05 10:22:26"
"539","gkyno5","False",":piolin: Meme","71","Uno menos","mexico","","https://i.redd.it/akjvqrthx5z41.png","1077","Pobre del médico que lo atendió ","2020-05-16 17:34:56"
"540","9x19yx","False","Imagenes","59","La cancha fue el pretexto, la razón por la cual no querían jugar aquí...","mexico","","https://imgur.com/aEmIDeI","1078","La ultima vez que la CDMX anfritrió un deporte internacional hubo una masacre dias antes. ","2018-11-14 15:53:50"
"541","ggttuz","False","Imágenes","61","Costco de Merida con su propio cenote","mexico","","https://i.redd.it/rvzgxbfruux41.jpg","1076","Cross post to r/Costco ","2020-05-10 03:15:31"
"542","bpdx3y","False","Imagenes","30","Estariamos mejor con Thanostlahuac","mexico","","https://i.redd.it/f302y1omcly21.jpg","1086","No si no fueras azteca... ","2019-05-16 15:25:43"
"543","c1sat3","False","Imagenes","36","Carpintería en Villa Parrilla, Tabasco.","mexico","","https://i.redd.it/w8xpqgcy2z431.jpg","1078","pues me busco otro más responsable con su horario ","2019-06-17 20:00:06"
"544","enib2y","False","Imagenes","28","Propaganda mexicana de la 2da Guerra Mundial","mexico","","https://i.redd.it/v46phyo4it221.jpg","1076","Quien chingados guildea un cross post? ","2020-01-12 03:37:21"
"545","98l8e7","False","Imagenes","124","Mexico's size compared to other European countries.","mexico","","https://i.redd.it/wvhoa56ocrg11.jpg","1077","Generalmente los países pequeños son más desarrollados, deberíamos separar a México en 32 países diferentes, al menos así algunos llegarían a ser de 1er mundo. ","2018-08-19 15:59:52"
"546","e7he9w","False","","67","Tamales para llevar.","mexico","","https://v.redd.it/0tq28ri829341","1080","Por fin una rola diferente, jaja... mientras tanto en la mente de la señora de los tamales ""el violador eres tú"" 🎶 y la culpa no fue mía ni dónde estaba ni como vestía🎶 ","2019-12-07 17:54:14"
"547","cx9tdr","False","Imagenes","45","2 Pesitos","mexico","","https://i.redd.it/818qe520jhj31.jpg","1078","[deleted] ","2019-08-30 00:59:44"
"548","97j6i1","False","Imágenes","120","Estaba caminando en Mérida y estaban bajando la bandera del monumento, un policía que estaba cerca lo vio, se plantó y la saludó hasta que la bajaron... les comparto el momento.","mexico","","https://i.redd.it/cabnhmnnz9g11.jpg","1078","El solo se estaba cubriendo los ojos del Sol. ","2018-08-15 15:28:49"
"549","giq7dw","False","Humor :snoo_smile:","91","Chale, you quería helado","mexico","","https://i.redd.it/6w57ubvl2gy41.jpg","1081","Ese negocio existe... en serio OP lo esta balconeando? ","2020-05-13 02:37:20"
"550","ggho2r","False","Imágenes","126","Todos presumiendo sus hielocos, ¿pero quién se acuerda de estos?","mexico","","https://i.redd.it/0e1jtufpfrx41.png","1075","Nadie ","2020-05-09 15:46:42"
"551","addo8e","False","Imagenes","245","ROMA, mejor película extranjera.","mexico","","https://i.redd.it/ygzd9hqcax821.jpg","1076","Ni así la veré, solo la inflaron más de lo que ya estaba. ","2019-01-07 03:45:28"
"552","esn6uq","False","Imagenes","50","Mi México - https://www.sinembargo.mx/21-01-2020/3716543","mexico","","https://i.redd.it/vrnbnala3gc41.jpg","1073","Pues según la sombra del edificio, la mujer estaba viendo a otra parte ","2020-01-23 03:09:48"
"553","ak2t3z","False","Imágenes","98","Estás apoyando...?","mexico","","https://i.redd.it/y8rv0790xsc21.jpg","1072","Si no apoyan un golpe de estado y un antidemocrática gobierno, los estás apoyando. ","2019-01-26 17:20:04"
"554","brghwj","False","Humor","52","Súbanse al Vochito","mexico","","https://i.redd.it/cnzep6r5zmz21.jpg","1068","Que no es con B? Bocho/bochito. Corrijanme si no. ","2019-05-21 21:56:31"
"555","fnrork","False","Humor :snoo_smile:","85","Mexico had a rough first century","mexico","","https://i.redd.it/lovduk004go41.jpg","1067","Mexican-American war? México contra un continente? no pus ta kbron. ","2020-03-23 20:51:17"
"556","c6swnf","False","Imagenes","29","Antes que muera el meme: the boys of the chavo's neighborhood","mexico","","https://i.redd.it/ry987kn1b7731.jpg","1066","Lmao ","2019-06-29 01:50:08"
"557","bd255x","False","Imagenes","28","Tulúm [oc]","mexico","","https://i.redd.it/pin53dq618s21.jpg","1062","Parece de esos fondos de pantalla de Telcel que te vienen en el celular

Muy buena foto 👍 ","2019-04-14 12:12:17"
"558","9j6cxo","False","Imagenes","71","Servicio de Primer Mundo","mexico","","https://i.redd.it/ir7ttdecano11.jpg","1068","**C R I N G E** ","2018-09-26 20:44:54"
"559","c5u7cm","False","Imagenes","72","Acompáñenme a ver esta triste historia","mexico","","https://i.redd.it/lietafui2r631.jpg","1060","True history. ","2019-06-26 19:11:29"
"560","glh4zn","False","Cultura :vsd:","237","""Post Presagio"" Paco Calderón","mexico","","https://i.redd.it/jmhisa9decz41.jpg","1063","No mames no confío en calderón ya que no puedo ni cumplir lo que dijo en sus campañas :v ","2020-05-17 15:20:21"
"561","gzf5w7","False","Cultura :vsd:","92","Mexican wine wins best Cabernet Sauvignon in the world","mexico","","https://www.wfla.com/news/international/mexican-wine-wins-best-cabernet-sauvignon-in-the-world/","1059","[deleted] ","2020-06-09 03:39:18"
"562","fjl9w5","False","Economía","188","Dólar alcanza los 23 pesos","mexico","","https://i.redd.it/miqb5j84i1n41.png","1066","Y aún así hay gente que quiere que paremos todos y nos quedemos en nuestras casas... ","2020-03-16 13:52:11"
"563","aeq9ro","False","Meme","61","Hmmm","mexico","","https://i.redd.it/eoba1o339p921.jpg","1059","¿Dónde es eso?, parece Venezuela... ","2019-01-11 01:48:14"
"564","bqmin2","False","Imagenes","66","Atardecer Lluvioso, Tijuana","mexico","","https://i.redd.it/mvap6vc7n8z21.jpg","1064","Hay demasiados semáforos ","2019-05-19 21:44:38"
"565","blfxbv","False","Imagenes","103","Mapa de México con división política actualizado a 2019","mexico","","https://i.redd.it/dexrv8pvxmw21.jpg","1061","Un elefante no tiene nada de mexicano. Mejor hubieras puesto un ajolote o un peyote de lophophora. Esos sí son mexicanos no pendejadas xD ","2019-05-06 18:41:12"
"566","9mkg80","False","Imagenes","101","Probablemente la mejor imágen que verás hoy.","mexico","","https://i.redd.it/d4wf7luh12r11.jpg","1054","Mientras tanto las injusticas por el huezo en el gobierno siguen en todo su explendor sin importar la necesidades el pueblo. [http://dhninja.com/martha-erika-no-me-quieren-de-gobernadora-por-ser-mujer/](http://dhninja.com/martha-erika-no-me-quieren-de-gobernadora-por-ser-mujer/) ","2018-10-09 00:30:19"
"567","e90w9j","False","Imagenes","94","Es gracioso porque es verdad","mexico","","https://i.redd.it/kw67ceuj1x341.jpg","1052","Difiero, sí se están mobilizando y el vocero es el nieto de Zapata, y que el gobierno les haga esto parece una patadita más. ","2019-12-11 02:33:06"
"568","apgc40","False","Imagenes","29","en oaxaca todo listo para este 14","mexico","","https://i.redd.it/cpw9xbpuzxf21.jpg","1051","/u/oaxacasucks ","2019-02-11 13:37:58"
"569","b3wb5o","False","Imagenes","203","Develan busto de Benito Juárez en San Luis Potosí","mexico","","https://i.redd.it/wb8hyszwijn21.jpg","1052","6 ","2019-03-21 21:31:20"
"570","8x54yj","False","Imagenes","52","Estacione su perro aquí","mexico","","https://i.imgur.com/NIph8Lr.jpg","1046","vale verga vaya! ","2018-07-08 21:56:05"
"571","frsi85","False","","261","Mexican president ignores restrictions to visit El Chapo's mother | World news | The Guardian","mexico","","https://www.theguardian.com/world/2020/mar/30/andres-manuel-lopez-obrador-el-chapo-mother-mexico","1045","los modales hacen al hombre, es peligroso la verdad amlo ha ido a lugares que ningún felipe calderón o fox o también un enrique peña nieto nunca irian, ellos saben cuantas porquerías hicieron al estar a la presidencia ","2020-03-30 15:09:40"
"572","d8tzmu","False","Imagenes","109","r/Tengo14YEstoEsProfundo","mexico","","https://i.redd.it/68lseal84mo31.jpg","1049","Pues trasciende más tu huella digital que leer un libro a determinada edad. Leer libros es una inversión para producir mejores contenidos. ","2019-09-24 21:46:35"
"573","ck91ax","False","Imagenes","152","Cine Francés 😭😭👌👌","mexico","","https://i.redd.it/dtat0te5dnd31.jpg","1047","[deleted] ","2019-07-31 14:12:50"
"574","awodja","False","Humor","19","para su disfrute","mexico","","https://i.redd.it/2npoypolssj21.jpg","1045","Que cultura, son un orgullo hispano!!!! ","2019-03-03 00:24:18"
"575","ehwzud","False","Imagenes","151","Hermosillo, Sonora","mexico","","https://i.redd.it/7ah3wdwqzv741.jpg","1041","Amigos, esto no representa la ciudad a pie: que es polvosa, caliente como la chingada, innavegable sin coche, y sumamente olvidable. Si no es de paso a las playas que quedan más o menos cerca (y que tampoco son gran cosa) o a trabajar, no hay a qué ir. ","2019-12-31 03:18:08"
"576","gg2e6x","False",":piolin: Meme","48","Anillo al dedo","mexico","","https://i.redd.it/xz48tphs2mx41.jpg","1045","Dibujos boomers criticando boomers 🤔🤨

downvotes boomers 🤨 ","2020-05-08 21:44:29"
"577","esbkat","False","Humor :snoo_smile:","111","Mexico mágico.","mexico","","https://i.redd.it/k1ayw1divbc41.jpg","1047","ITESM ","2020-01-22 12:59:02"
"578","cr53a9","False","Imagenes","48","...","mexico","","https://i.redd.it/i6s8eoo3rsg31.jpg","1047","Pues en su momento yo me queje de todo el presupuesto que les dio, asi no voy a venir ahora a criticarlo por no apoyarlos xD

A menos que se haya deshecho lo de aquella vez y no me haya enterado. ","2019-08-16 11:32:20"
"579","emvy9x","False","Noticias","115","R.I.P. Ayer asesinaron a una promesa del atletismo, Martín Alejandro Loera Trujillo en Juárez, mientras éste se cortaba el cabello en una plaza.","mexico","","https://i.redd.it/8aiuscrb70a41.jpg","1046","Debio estar metido en algo ","2020-01-10 19:35:39"
"580","97cgra","False","Imágenes","123","El pan perfecto no exist...","mexico","","https://i.redd.it/ef14a720p4g11.png","1040","Does anyone really like this ""bread""?  Compared to donuts... ","2018-08-14 21:40:10"
"581","9ta9hp","False","Imagenes","90","Cuando no te basta con hacerlo una vez...","mexico","","https://i.redd.it/py5rwsfeiqv11.png","1039","que, tienen anticongelante esas madres? ","2018-11-01 15:10:46"
"582","9qu100","False","Imagenes","36","oɔıxǝɯ","mexico","","https://i.redd.it/puoq14ybl0u11.jpg","1039","Maestrazo! ","2018-10-23 22:50:19"
"583","9y8dy8","False","Meme","286","Mientras tanto en la caravana.","mexico","","https://i.redd.it/gfoa5c32v4z11.jpg","1035","What the fucks up with your wack ass frijoles? 

Edit: Esos frijoles son la prueba de que un gringo hizo esto meme.  ","2018-11-18 18:32:37"
"584","fygtob","False","Cultura :vsd:","73","Documental de don Alejo Garza que defendió su rancho del narco hasta la muerte.","mexico","","https://i.redd.it/2z8s0uvp30s41.jpg","1033","El señor fue una verga y mis respetos pero el documental no da nada de información de que sucedio, esta super lento y es mas bien una pelicula casera para familiares ","2020-04-10 14:29:49"
"585","cz53ow","False","Imagenes","63","Venustiano Carranza Esperando el Final.","mexico","","https://i.redd.it/s0jcgjinvdk31.jpg","1039","I have memories of a past life that is not mine ","2019-09-03 13:47:39"
"586","gssm33","False","Rant :snoo_tableflip::table_flip:","222","Nosleepenmexico:Te endeudas 20 años trabajando para pagar tu casa y terminar con unos vecinos asi","mexico","","https://i.redd.it/y1ucpmjscp151.jpg","1035","Y sino te gusto largate a la verga de mi colonia pinche putiyo ","2020-05-29 13:02:25"
"587","flanf3","False","Humor :snoo_smile:","102","La 4t... el cuarto impacto?","mexico","","https://i.redd.it/5lxzcxsb0nn41.jpg","1032"," bien representados esos chairos hahaha viva Latinos!
 depuracion de chilangos nice! ","2020-03-19 14:11:49"
"588","ccy5q8","False","Imagenes","82","Coca Cola groserito (Tijuana)","mexico","","https://i.redd.it/rfp4vzwiq6a31.jpg","1037","Más chingón aún es que se hayan atrevido a ponerlo sabiendo como esta la sociedad de ahora que se ofende por todo, eso si es tener huevos ","2019-07-14 03:05:07"
"589","b26m45","False","Imagenes","37","El SHIELD mexicano","mexico","","https://i.redd.it/syabocqkcpm21.jpg","1037","Idiotas putas de madre regresan a Mexico los banditos  ","2019-03-17 16:01:32"
"590","9r47cr","False","Imagenes","53","Mexican squirrel drinking champurrado","mexico","","https://i.redd.it/u4g9jb4mh7u11.jpg","1034","This has to be Photoshop. ","2018-10-24 22:01:59"
"591","f0xyh8","False","Imagenes","88","Impresionanti","mexico","","https://i.redd.it/kbdiw9zqorf41.jpg","1035","[deleted] ","2020-02-08 21:22:18"
"592","a8mm6m","False","","50","Doctor Simi y compañía","mexico","","https://v.redd.it/30ix4dke6v521","1036","Hahaha wtf? ese hombre araña se ve súper  mega p*** haciendo la coreografía de Chicas Pesadas con Lindsay Lohan y  Dr.Simi sí que bailó muy bien. ","2018-12-22 17:27:42"
"593","9nu4ll","False","Imagenes","61","Cholula - Puebla - Mexico","mexico","","https://i.redd.it/4ou6hsg9qyr11.jpg","1037","Que Chochula no es una salsa? ","2018-10-13 14:26:59"
"594","azt3ru","False","Imágenes","88","Michoacán: una botella de Gatorade en lugar de un tanque de gasolina.","mexico","","https://i.redd.it/0nqihjwclhl21.jpg","1031","replace it with squirt and lets see how much faster it goes ","2019-03-11 12:52:28"
"595","a9phvm","False","Imagenes","17","Navidad en el Zocalo","mexico","","https://i.redd.it/yvgmaenh6n621.jpg","1027","No pusieron pista de hielo? ","2018-12-26 15:37:43"
"596","9sf5lq","False","Imagenes","632","Ya valió barriga","mexico","","https://i.redd.it/ae65rljos5v11.jpg","1029","No hablo español. Gracias! ","2018-10-29 17:24:45"
"597","7i9in0","False","Imágenes","139","“4 de asada, dos de suadero y una coca light, por favor”","mexico","","https://i.redd.it/nvqatu5pck201.jpg","1034","No se que le ven tomar refrescos con la comida, sabe horrible ","2017-12-07 20:52:59"
"598","adkett","False","Humor","63","México estará presente en Smash Ultimate.","mexico","","https://i.redd.it/917qvc4hl1921.jpg","1030","Party game. ","2019-01-07 18:14:55"
"599","9g2kx0","False","Imagenes","78","¡Viva México! Starter pack","mexico","","https://i.redd.it/lcmu8pr2efm11.jpg","1026","Ya no van a ser tortas, va a ser kk con el dedito de lopitos. ","2018-09-15 16:03:22"
"600","ga92ma","False",":piolin: Meme","61","Política económica.","mexico","","https://i.redd.it/hqwx3oxt9rv41.png","1024","Que al punto tan irónico que, viejito cachetón aparte, aquellos dos partidos  partidos políticos que quieren regresar a lo mismo que ha hecho de Mexico una pena retrógrada completamente dominada por Paolo gi taxis particularmente en los últimos 30 años ahora vengan recalentando un meme tan sobre usado que es más viejo que Teotihuacán. Más irónico aún que cínica o ignorante que se pregunten públicamente que significa el neoliberalismo. 
Demagogos de callejón sin salida, si. Innovativos, definitivamente no. ","2020-04-29 13:04:46"
"601","dacvup","False","","71","Cuando no se acaba la peda del vecino","mexico","","https://v.redd.it/h7tne01edap31","1023","problema derivado de que, las personas no son dueñas de las casas, y no nos molestamos en conocer a los vecinos ","2019-09-28 07:21:00"
"602","bh5ese","False","Imagenes","72","México estilo Japón","mexico","","https://i.redd.it/79ouruukabu21.png","1031","YAMERO!

La neta esta feo. *imo* ","2019-04-25 06:33:31"
"603","71kf0m","False","Imagenes","165","Israel is here to help 💙","mexico","","https://i.imgur.com/Jjbvcpo.png","1031","I respect their culture but letting Jews into Mexico is a mistake. Adios dinero. ","2017-09-21 16:45:05"
"604","f8vc88","False","Imágenes","253","""Sin Ellas"" Hoy en El Financiero","mexico","","https://i.redd.it/xwv34w02xwi41.jpg","1027","Feminazis ","2020-02-24 18:10:25"
"605","e5yd8m","False","Noticias","281","#TeBuscamosKaren Desapareció en la CDMX","mexico","","https://i.redd.it/980hwvhxyl241.jpg","1022","Chale tan hermosa que se ve la muchacha :( ","2019-12-04 12:14:54"
"606","ba7at3","False","Imagenes","59","Gracias Dr. Simi","mexico","","https://i.redd.it/y8xb9673soq21.jpg","1017",">**BAILO POR TODOS LOS QUE NO PUEDEN PAGAR UN MÉDICO PARTICULAR**

AMLO y sus hijos, aunque no trabajen, no se cuentan entre ellos. ","2019-04-06 18:23:31"
"607","h0qcsq","False","Imagenes","122","El debate de la gelatina me dio antojo así que me hize unas ricas gelatinas de uva","mexico","","https://i.redd.it/j4klvuv317451.jpg","1020","Guácala. Gelatina. ","2020-06-11 02:37:18"
"608","fh0n91","False","Imagenes","86","Ciudad de México antes y después de la contaminación.","mexico","","https://i.redd.it/14rt8pfyt2m41.jpg","1019","Photoshop ","2020-03-11 17:15:38"
"609","d024at","False","Imagenes","228","Horas extra","mexico","","https://i.redd.it/i6c1k3czksk31.png","1028","Que solo crezca ","2019-09-05 15:14:39"
"610","aogrl8","False","Imagenes","50","Papel de baño.","mexico","","https://i.redd.it/s1vrc7vfzaf21.jpg","1020","A veces el mexicano desea mostrar que es bien pendejo.

Trump desea controlar el flujo migratorio hacia su pais, asi como nosotros debeeriamos hacer  lo mismo ante la llegada de centroamericanos ilegales que se queda en México.

Muchos se han despertado de su oendjeez y se han dado cuenta que las burlas a Trump provienen de grupos de interés que buscan desestabilizar a América del Norte como lo están ya haciendo en Europa ","2019-02-08 13:59:59"
"611","fs2dyd","False","Humor :snoo_smile:","47","Aguas con las cercas eléctricas mientras pistean","mexico","","https://v.redd.it/f66bdm42gwp41","1019","Sólo lo que somos de rancho sabemos bien de esto jajaja. ","2020-03-31 00:04:56"
"612","f1ibi6","False","Imagenes","55","Medidas extremas","mexico","","https://i.redd.it/ndm9cbw3vzf41.jpg","1018","Así me imagino a los niños con cáncer y demás enfermos, pidiendo a AMLO que los escuche. ","2020-02-10 00:51:56"
"613","8i9lcs","False","Imagenes","61","Fierro","mexico","","https://i.redd.it/t7r4epl6dww01.jpg","1018","Sobre un suelo de espinas. ","2018-05-09 21:21:28"
"614","eml8ac","False","Humor :snoo_smile:","12","Tengo otros datos","mexico","","https://i.redd.it/w7l2hlb5gv941.jpg","1016","quien es Ass My Laugh Out ? 👨‍🦲 ","2020-01-10 03:36:10"
"615","ccr775","False","Ciencia","55","Información recién salida del MS Paint","mexico","","https://i.redd.it/1iw3os8ek3a31.jpg","1014","Debería ser un mismo círculo porque todos valen verga. ","2019-07-13 16:25:24"
"616","dek4et","False","Noticias","416","En vez de trabajar y ofrecer un mejor servicio. Mejor bloquear vialidades principales en CDMX","mexico","","https://i.redd.it/bscfjm22p4r31.jpg","1019","muy bien, yo los apoyo, FUERA UBER ","2019-10-07 14:23:35"
"617","f4uunl","False","Imagenes","124","Méshico","mexico","","https://i.redd.it/zes8hjs8ybh41.jpg","1017","🐓 ","2020-02-16 18:35:07"
"618","d45qjy","False","Imagenes","79","Estaba crudo,ahora estoy crudo y con hambre.","mexico","","https://i.redd.it/8lgbn381jkm31.jpg","1015","Es Esto Pérdida? ","2019-09-14 14:17:48"
"619","bjb0mk","False","Humor","53","México Mágico","mexico","","https://i.redd.it/0n07dqn9xhv21.png","1017","Jajajajajaja muchacho ariba senorita senorita! ","2019-05-01 00:40:29"
"620","d9udxj","False","Humor :snoo_smile:","70","Nos ha pasado todos 😭👌","mexico","","https://v.redd.it/idok11gmx1p31","1016","F ","2019-09-27 02:59:44"
"621","bq55st","False","Imágenes","58","Desayuno de campeones","mexico","","https://i.redd.it/m13yweormzy21.jpg","1008","Colesterol de campeones ","2019-05-18 15:26:07"
"622","8kwc0x","False","Imagenes","47","hmmm","mexico","","https://i.imgur.com/38iXnkc.jpg","1006","¿Un OXObiodegradable y ecológico? o ¿la versión 2013 del AMLO de los changarros de Fox? con eso de que está reciclando todo lo que le sirva. ","2018-05-20 23:05:31"
"623","8rs9n6","False","Videos","45","Congratulations Mexico! Love from Ireland. You guys beat France in 2010 World Cup after Henry's handball knocked Ireland out in play-offs. Mexico is always my team when Ireland is not qualified. Well done today!","mexico","","https://www.youtube.com/watch?v=c6HPts1sSzA","1005","Thank you! I hope your beautiful country gets independence from England soon! ","2018-06-17 16:49:25"
"624","aj83e0","False","Humor","27","High quality algorithm","mexico","","https://i.redd.it/vluusobjfac21.png","1005","I welcome my AI overlords! ","2019-01-24 03:13:31"
"625","fvic33","False","Imagenes","25","Clásica de pesero","mexico","","https://i.imgur.com/giR6T2O.jpg","1007","México Mágico ","2020-04-05 18:14:11"
"626","cgtmxa","False","Cultura","318","Devoluciones chingonas","mexico","","https://v.redd.it/807p1dkokxb31","1004","Typical illegal assault from people who don't give a crap about others safety or life.  


Edit: Anyone here who is condoning the action of this man condones violence and assault and lawlessness, is basically a fucking kid, and something a kid would do in high school, not a grown-ass man. Take her ass to court like a grown-ass ADULT. ","2019-07-23 14:55:53"
"627","cd6oly","False","Humor :snoo_smile:","72","Reconocer se escribe igual al derecho que al revés.","mexico","","https://i.redd.it/k9z0jqs1gba31.jpg","1007","A ce el I t e , está mal ","2019-07-14 18:55:17"
"628","8zel8r","False","Imagenes","668","Mexicans, is this offensive to you? I got in trouble for using it in a design at work because of the mustache. I just thought it was cute and we are having a taco social. Am I being insensitive or is the other party being way overly P.C.??","mexico","","https://i.redd.it/mjljsijbfda11.png","1006","No but I like Trump so... ","2018-07-16 20:37:29"
"629","bs4aw4","False","Imagenes","53","The Aztecs: Pioneers of Gender Equality","mexico","","https://i.redd.it/vc7bwzp55xz21.jpg","1009","¿AbLas InGleS? ","2019-05-23 15:26:29"
"630","fikrv7","False","Imagenes","30","4t Siempre preparada","mexico","","https://i.redd.it/4w8xf2joxnm41.jpg","999","Pinche Coronavirus xd ","2020-03-14 16:13:55"
"631","dwvlkn","False","Imagenes","57","This “cafebrería” (cafe/bookstore) in Mexico City","mexico","","https://i.redd.it/13ng2s1ouuy31.jpg","998","Barnes n noble version 4 ","2019-11-15 19:28:26"
"632","f8dbv0","False","Imagenes","39","Desde Pirámide de la Luna [OC]","mexico","","https://i.redd.it/nrh8m5krtpi41.jpg","1000","La neta esta mejor palenque ","2020-02-23 18:19:12"
"633","cc2np5","False","Imagenes","117","A ver, saquen el de su ciudad 👀 ¡los reto!","mexico","","https://i.redd.it/p30lgc418r931.png","998","Tarjeta amarilla por llamar ciudad a provincia ","2019-07-11 22:55:44"
"634","at9mjm","False","Imagenes","43","Xpost r/precuelmemes","mexico","","https://i.redd.it/pvtt8ln330i21.jpg","996","Rojo gansito. El color de la seniliad, la locura y la soberbia. ","2019-02-21 22:47:32"
"635","ft8f3k","False",":piolin: Meme","92","Nos quedamos esperando","mexico","","https://i.redd.it/mt71hx80s9q41.jpg","994","Tienen estímulo en forma de condonacion de impuestos el resto del año, que se quejan ","2020-04-01 20:53:43"
"636","frzxhk","False","Ask Mexico","75","4D Chess perros","mexico","1. El gobernador de Hidalgo se contagia de Covid19.

2. AMLO lo recibe en Palacio Nacional para contraer la enfermedad.

3. AMLO va a Badiraguato el día del cumpleaños de Ovidio Guzmán.

4. AMLO saluda a la abuelita de Ovidio.

5. La abuelita de Ovidio abraza a su nieto para felicitarlo.

6. Ovidio recibe abrazos de felicitaciones de todos los capos del narco.

7. Todos son infectados por Covid19.

8. AMLO lo logra: destruye a la delincuencia con abrazos, no balazos.

Perdón, cabecita de algodón, por haber dudado de ti.","https://www.reddit.com/r/mexico/comments/frzxhk/4d_chess_perros/","997","wot ","2020-03-30 21:42:56"
"637","a7htgh","False","Ask Mexico","84","Sugerencia para etiquetar los shit post como popost","mexico","Pues eso.

Edición. Olv pensé que no iban a pelar mi popost","https://www.reddit.com/r/mexico/comments/a7htgh/sugerencia_para_etiquetar_los_shit_post_como/","1002","Ches tetos ","2018-12-19 01:53:21"
"638","gtlyyw","False","Videos","465","Caravana contra López frente a Palacio Nacional","mexico","","https://v.redd.it/q9zdnk5jwy151","999","Estos bros haciendo protesta cuando nuestro tlatoani anda en su “gira” por el sur y no en su recámara master en palacio ","2020-05-30 21:12:35"
"639","da5fms","False","Humor :snoo_smile:","80","Hay 2 tipos de periodismo en México","mexico","","https://i.redd.it/6zyy91bmw6p31.jpg","1000","Como si no estuviesen cooperando para crear la narrativa que les conviene. ","2019-09-27 19:41:22"
"640","d0gat8","False","Imagenes","74","The Xoloitzcuintli will guide you to the underworld when you’re dead.","mexico","","https://i.redd.it/cwqw2zlz9vk31.jpg","993","La foto tiene un aire a Eddy Murphy 🤔 ","2019-09-06 12:56:20"
"641","cmqnd4","False","Deportes","34","Golazo de Jaquelín García.","mexico","","https://v.redd.it/slp8gf63dse31","988","Downvotenme todo lo que quieran pero el fútbol femenil tienen una calidad infima, es como ver un partido de los años 50, cuando no había marcas y todo mundo nomas miraba de lejos al que traía la bola.

Eso sin contar con lo lento que corren y lo peor son las porteras que parece que tienen miedo a aventarse y cuando brincan no lo hacen más alto que medio kilo de tortillas ","2019-08-06 13:34:14"
"642","ghzfd7","False","Videos","62","Poesía en movimiento...","mexico","","https://v.redd.it/qhlmaowz28y41","987","Aburridisima, da cringe y aunque les cale wwe es mejor por mucho. ","2020-05-11 23:45:34"
"643","ffe4r0","False","Reportaje :bizbirije:","253","'This is our feminist spring': millions of Mexican women prepare to strike over femicides | As the country grapples with a worsening crisis, the revolt among a new generation of feminists is picking up steam: ‘It’s our last resort’","mexico","","https://www.theguardian.com/world/2020/mar/07/mexico-femicides-protest-women-strike","988","We a need a iron woman president who fight for justice to all levels ","2020-03-08 15:35:53"
"644","86vtdw","False","Imagenes","59","Pocas cosas tan Méxicanas como esta perrita Xolozcuintle con hipil, vendiendo artesanías en el pueblo mágico de Izamal.","mexico","","https://i.redd.it/r19hoicrvrn01.jpg","991","Hola, mi llamo es u/Owenlikestobrowse, yo soy un gato picante. ","2018-03-24 20:39:49"
"645","d75cj0","False","Humor :snoo_smile:","66","Mythbusters mexico edition xD","mexico","","https://i.redd.it/s5ci9w1x7vn31.jpg","993","Trabajo en un piso 40 y la señora de limpieza entró emputadisima a la oficina después del simulacro a decirnos que debimos bajar como todos. ","2019-09-21 03:19:05"
"646","ciyo33","False","Imagenes","113","For real","mexico","","https://i.redd.it/lc4a010px2d31.jpg","990","Nobody cares about you being from Mexico ","2019-07-28 17:30:33"
"647","ay1zz3","False","Ciencia","36","A veterinary hospital in Mexico used Pokemon Go’s snapshot feature to turn their office into a Pokemon Center","mexico","","https://i.redd.it/con76c9w9ik21.jpg","991","y esa mamada que jaja malditos frikis  ","2019-03-06 18:19:57"
"648","d3yxaw","False","Imagenes","32","The mountains outside the small town my parents are from in Villa Guerrero (Jalisco, Mexico)","mexico","","https://i.redd.it/pp6mewsrxem31.jpg","985","Help ","2019-09-14 01:38:55"
"649","aosnin","False","Imagenes","129","Por este tipo de cosas, jamas podría dejar México","mexico","","https://i.redd.it/1kjq4y88wjf21.jpg","987","Pura pinche engordadera... pero se ve bueno. ","2019-02-09 14:13:22"
"650","g036cq","False","Imagenes","101","Algo que apareció en mi feed y tuve que hacerle su edit.","mexico","","https://i.redd.it/ucvzsey0vfs41.png","988","Por que la gente dejo de confiar en limpiar SOLO con cloro? ","2020-04-12 19:35:46"
"651","afe0qq","False","Imagenes","100","Pozole 😋🥘","mexico","","https://i.redd.it/mym49r51b3a21.jpg","985","Wakala. ","2019-01-13 01:04:14"
"652","4nndk6","False","Imagenes","72","¿Y si upvoteamos esta imagen de Trump hasta r/all para fastidiar a r/the_donald?","mexico","","http://i.imgur.com/eKDU6ND.png","992","Ya quisieramis un Trump mexicano! Alguien q dijera las cosas como son sin filtro. Alguien q moviera las masas q el mueve. Alguienvq dijera Mexico primero. Alguien q se pagara su propia campaña, en vez de la bola de gorrines oportunistas y mantenidos q se aumentan salarios y se autoregalan bonos sin q ninguno de nosotros hagamos nada por removerlos del poder.
So, for me: Go Trump! And congrats to the USA. MAGA!!! ","2016-06-11 21:37:31"
"653","foy3ct","False","Humor :snoo_smile:","58","Mientras tanto, los del INEGI.","mexico","","https://i.redd.it/2xy8qhx3uvo41.png","981","A nuestro rancho llegaron ayer. Tuvieron los huevos de abrir el porton y pasar. Se baja una señora identificándose de INEGI y le decimos que por motivos de la cuarentena no podemos recibirla. Comienza a caminar hacia la puerta, con un ataque de tos...  
A gritos los tuvimos que sacar del rancho... ","2020-03-25 20:57:09"
"654","ekmdad","False","OC","53","Fui a un café y no me supe explicar con las papas que queríamos pedir, y que se me pone chingón el mesero","mexico","","https://i.redd.it/61inc20172941.jpg","977","Adiós propina... El que rie al último ríe mejor ","2020-01-06 01:13:40"
"655","edj450","False","OC","34","Mexican problems: meter la piñata al taxi","mexico","","https://i.redd.it/t4i8swee0w541.jpg","980","Yo si se la meto. ","2019-12-21 01:13:33"
"656","dhcjo9","False","Imágenes","83","""Joker en ventaneando what will he do""","mexico","","https://i.redd.it/0jwhjwoi1cs31.jpg","980","Mataria a los anfitriones y a gente del publico es lo que haria. Es chistoso esto?

El guason es una pelicula seria que habla de una grave decadencia social. Y posts como este reflejan que no estamos tan lejos de eso.

Edit: Estan todos mas enojados por mi comentario que yo por el meme.

El odio y agresividad reflejado en sus respuestas solo refuerza lo que dije. ","2019-10-13 16:10:02"
"657","d31csb","False","Imágenes","89","Posando","mexico","","https://i.redd.it/sx36hei30yl31.jpg","976","Más putos ","2019-09-12 02:30:01"
"658","btuhpt","False","Imagenes","37","Cuando te encuentras un miniboss en el metro...","mexico","","https://i.redd.it/dx3nk5ov3v031.jpg","976","Why is this in my feed? ","2019-05-28 02:21:23"
"659","b907q9","False","Imagenes","102","Otro exponente del brutalismo mexicano.","mexico","","https://i.redd.it/fltxhy6ft2q21.jpg","981","""Confía en mi, soy un ingeniero"". ","2019-04-03 16:31:36"
"660","8ikxwl","False","Imagenes","112","Fotografía del reddit meetup México. Circa 2018 (colorizada).","mexico","","https://i.redd.it/nwuf2cmah5x01.jpg","984","Hahahhahahahahahaha ","2018-05-11 04:01:21"
"661","afzyxq","False","","29","Damn Mexicans","mexico","","https://v.redd.it/vaqjpr0nyfa21","974","Nos están diciendo que vivimos en la mierda?  ","2019-01-14 20:27:25"
"662","bwvi4p","False","Imagenes","55","Gracias cuarta transformación","mexico","","https://i.redd.it/1xqntym59f231.jpg","978","Quien verga los entiende... Que el gobierno no hace nada... AMLO vale verga

Que el gobierno quita recursos a educacion superior... AMLO vale verga

que el gobierno da becas para personas en situación desfavorecida... AMLO vale verga

.... No mamen, los que no valen verga seremos nosotros... ","2019-06-04 23:10:42"
"663","c8gau5","False","Cultura","11","me and the boys...","mexico","","https://i.redd.it/b7b5gwk1qr731.jpg","977","Convoco al dragón zombies. Y lo sacrifico para invocar a Quetzalcoatl ","2019-07-02 22:52:41"
"664","ahbl1k","False","Imagenes","70","Una foto que tomé del clavadista en Mazatlán. Buen viernes, gente!","mexico","","https://i.redd.it/zg5l6crba7b21.jpg","972","Assassins Creed VI: El Regreso del PRD  ","2019-01-18 15:31:30"
"665","aiuekr","False","Imágenes","123","Chilaquilitos en La Paz, BCS.","mexico","","https://i.redd.it/phrn0ap1v2c21.jpg","977","esto no es facebook ","2019-01-23 01:42:52"
"666","cs5onx","False","Imagenes","51","K.O!","mexico","","https://i.imgur.com/BBFNvYw.jpg","976","El desconstruccionismo derrideano que siguen las feministas de genero es ideología política del capitalismo desenfrenado, es decir, libertario, que implica la desmantelación de las naciones, por eso los del PAN les ponen dinero/apoyo, por eso vandalizan monumentos nacionales

[https://www.youtube.com/watch?v=HKJlSY0DBBA](https://www.youtube.com/watch?v=HKJlSY0DBBA)

[https://www.hispachan.org/mx/src/156618111296.jpg](https://www.hispachan.org/mx/src/156618111296.jpg) ","2019-08-18 19:19:28"
"667","falpme","False","Imagenes","64","¿Con qué más le podemos ganar al #coronavirus?","mexico","","https://i.redd.it/af2scsgi4kj41.jpg","972","[deleted] ","2020-02-28 00:12:42"
"668","edcixl","False","Imagenes","75","Hice una piñata en paint, felices fiestas a todos!","mexico","","https://i.redd.it/spb20eymgt541.jpg","972","Está bien culera ! XD ","2019-12-20 16:38:56"
"669","5rzyeo","False","Imagenes","49","A huevo","mexico","","https://i.reddituploads.com/b7be039ea4f84c74982e87922434f3e2?fit=max&h=1536&w=1536&s=516c60a94f5165dfc80fc4ae6cafea24","969","Todo es bien chingón en mi México, menos los pinches sudamericanos que ya nos están invadiendo. ","2017-02-04 10:48:35"
"670","elv2sd","False","Imagenes","105","México Futuristic 1975","mexico","","https://i.redd.it/asv47lu6zk941.jpg","970","¿Qué clase de tren México-Querétaro es este? ","2020-01-08 16:35:39"
"671","c1bltv","False","Imagenes","24","Somos la merga","mexico","","https://i.redd.it/m8gfbf0tpp431.jpg","968","No, no somos la “merga”. ","2019-06-16 16:12:42"
"672","fwn42q","False","Imagenes","93","Se dirige hacia el Palacio Nacional","mexico","","https://i.imgur.com/cuPFW5d.jpg","968","Si... Solo nos queda pedir ayuda al primer mundo... Espera. Algo esta pasando allá... Oh no, están peor...! ","2020-04-07 16:06:14"
"673","gpy7t6","False",":piolin: Meme","72","Con la 4t todo tiempo anterior siempre era mejor","mexico","","https://i.redd.it/g9kg5l5uas051.jpg","969","Cuando se suben memes de Felipe el borracho los borran diciendo que para eso está r/mememexico doble rasero de los ""sherifs"" del sub ","2020-05-24 21:52:40"
"674","8u0kri","False","Imagenes","339","FIFA y la situación del grito de ""puto""","mexico","","https://i.redd.it/io7dqx8byc611.jpg","967","Que se vallan a la verga esos putos la neta. ","2018-06-26 14:45:17"
"675","c07r6f","False","","44","""Ora si te mamaste cabrona""","mexico","","https://v.redd.it/5u9rm3m0o1431","966","para eso se van a los yunaited? 

*shakes head* ","2019-06-13 16:12:17"
"676","d55ln0","False","Videos","45","El Burj Khalifa se ilumina con los colores patrios mexicanos","mexico","","https://v.redd.it/ti26bymef0n31","963","Los colores prietos mexicanos. Yo soy prieto ","2019-09-16 19:52:05"
"677","c3tlgw","False","Humor :snoo_smile:","39","Hice un meme","mexico","","https://i.redd.it/nbprl36jjy531.jpg","966","Espera a su Viejo que and a de compras ","2019-06-22 19:15:07"
"678","cf9nt6","False","Imagenes","94","El community manager de turismo Durango en facebook es redditor.","mexico","","https://imgur.com/y62VBtz","962","Bonito estado, saludos desde cdmx. Ni quién chingados quiera ir a Perú. ","2019-07-19 16:26:28"
"679","dneypv","False","Imagenes","123","Cuídense gente, me robaron el coche en la noche y a las 4 horas ya lo habían dejado así","mexico","","https://i.redd.it/op53znszgwu31.jpg","960","Que te crea tu puta madre, es truco ya es viejo. ","2019-10-26 15:01:36"
"680","c5eeub","False","Humor :snoo_smile:","61","Siono raza ¡?","mexico","","https://i.redd.it/ohbvcvo78k631.jpg","957","Es lo mismo que la raza de aqui, maman a salinas pero se quejan de que los gringos nos tienen agarrados de los huevos por la dependencia que nos dejo el pelonchas. ","2019-06-25 20:11:14"
"681","bmn2z2","False","Videos","340","Infierno en metro Pantitlán llegando a su límite de humanos","mexico","","https://v.redd.it/uptlbqb378x21","961","Esto solo pasa en México ","2019-05-09 18:07:41"
"682","9tj6wc","False","Imágenes","73","Foto en vivo del Panteon de Cucuchucho, Michoacán.","mexico","","https://i.redd.it/ti0pu6kzkwv11.jpg","963","En mi tierra(SLP), mi familia y yo íbamos al panteón en las mañanas y nos quedaba mis hasta el medio día... Esa era la tradición en mi casa.

Extraño a mi México.  ","2018-11-02 11:29:38"
"683","cgen1t","False","Humor :snoo_smile:","59","Don’t dead open inside","mexico","","https://i.redd.it/uii7rshfivb31.jpg","956","Mi No comprender ","2019-07-22 15:28:28"
"684","c318q2","False","Imagenes","178","Cuando asaltan a Don Vergas.","mexico","","https://i.redd.it/sgk75w87ok531.png","960","Como en el otro post. Matan por un celular? Aplausos. Merecido. Que bien. Llena de orgullo a su nacion. Respeto. Justicia. Porque dos males hacen un bien, bola de lacras? (Los que hicieron esos comentarios) 

Neta alguien tiene que sacar a luz como el mexicano es sediento de sangre por pendejaditas asi pero luego nos indignamos que porque los criminales matan. No mamen, como si fueran a ganarle a los criminales a balazos. Parece que quisieran un Duterte mexicano para justificar lo culeros que son.

Obligatorio mencionar que no apoyo los rateros ni estan justificados en robar, porque no falta el pendejo que piensa que porque uno esta en contra de la pena de muerte por robo ya esta apoyando a los criminales. Ya no digamos los que se lo celebran.

Ya me imagino alguien de otro pais leyendo esos comentarios, que puta verguenza. ","2019-06-20 20:36:56"
"685","ct0qqe","False","Imagenes","22","Carboncillo de una mujer Maya, Isaac May","mexico","","https://i.redd.it/dfgxwyx5hmh31.jpg","956","Primera vez que sé de una mujer maya llamada Isaac. Weird flex, but ok ","2019-08-20 15:30:37"
"686","eg0bnx","False","","61","Tragedia nacional","mexico","","https://v.redd.it/6sale33xmz641","954","Esto fue culpa de los ecologistas que hicieron prohibir las bolsas de polietileno de baja densidad en los comercios. Que les quede de remordimiento antes de dormir. ","2019-12-26 20:15:01"
"687","c0ip1h","False","Imagenes","32","Satepunk 2077","mexico","","https://i.redd.it/h8b6fecmya431.jpg","955","No mames. Llévate mi coche si quieres. ","2019-06-14 10:52:48"
"688","8va2m5","False","Imagenes","32","yo_elvr","mexico","","https://i.redd.it/x5xa7axwec711.jpg","955","¿La razón por la que tantos mexicanos salieron a votar? este meme ","2018-07-01 14:00:40"
"689","avdote","False","Imagenes","72","This old gem","mexico","","https://i.imgur.com/eW0qcd9.gifv","956","[deleted] ","2019-02-27 13:50:46"
"690","hbh26y","False","Imágenes","22","Cabo San Lucas Baja California Sur","mexico","","https://i.redd.it/okkx4j3ovo551.png","957","Es mi escritorio de Windows favorito ","2020-06-18 15:43:36"
"691","gh484z","False","Imágenes","34","Que bueno, ya me estaba asustando","mexico","","https://i.redd.it/gez6wai1pyx41.jpg","953","*Escena*

Señor cacas tenemos una idea para recaudar más dinero echarle la culpa al conflicto Ucrania - Rusia, el pueblo come mucha tortilla no lo notarán.


Sácate a la verg* ¿Que el maíz lo traen de Crimea? ","2020-05-10 16:10:34"
"692","g7g0dl","False","Humor :snoo_smile:","90","Lo que te espera en el IMSS si no te quedas en casa.","mexico","","https://v.redd.it/fy0q1jhlstu41","955","Por favor dime que es actuado ","2020-04-24 20:31:35"
"693","9osscw","False","Imagenes","215","USA según los mexicanos.","mexico","","https://i.redd.it/hlwsn11epms11.jpg","953","¿Quien chingados es Selena? ","2018-10-16 23:03:59"
"694","atxv3m","False","Imagenes","43","Ajolote negro","mexico","","https://i.imgur.com/KbDGlg6.jpg","950","Es elbque amlo tiene en su zoologico privado, junto anotras especies en peligro de extincion ","2019-02-23 17:37:25"
"695","gjxsck","False","Cultura :vsd:","34","Veo al sujeto que posteó su Tetris azul y pongo el mío, de Gamesa","mexico","","https://i.redd.it/m3ydj9d5fty41.jpg","953","Yo desconocía esto :0 (soy millenial, lo siento) :'( ","2020-05-14 23:32:37"
"696","ftb2c0","False","Humor :snoo_smile:","82","Compras de pánico en Sonora","mexico","","https://i.redd.it/p4rqdgibiaq41.jpg","946","Nunca falta el mamon que piensa que su cerveza es la unica buena ","2020-04-01 23:21:13"
"697","f5rxon","False",":pp: Opinión","212","#Mexico se desangra, hay más muertes que en una revolución... que quizá deberíamos estar peleando, en otros países mueren luchando por una causa, aquí no, a la gente la están matando para generar terror. Recuerdan cuando los gobiernos decían: “Son luchas entre narcos”? Ahora es el neoliberalismo?","mexico","","https://i.redd.it/j969mdhcroh41.jpg","948","Claro hay más muertes por qué somos más , no intentes ignorar datos que si importan. ","2020-02-18 13:39:32"
"698","ctlcwm","False","Imagenes","59","Todos felices","mexico","","https://i.redd.it/0v16gqeynuh31.png","951","Why are there so many Mexicans in Mexico? Bc they were all too lazy to cross the border. ","2019-08-21 19:02:38"
"699","ehafmy","False","Imágenes :vsd:","24","La sierra chihuahuense vista desde una cueva","mexico","","https://i.redd.it/dolkw9i1mm741.jpg","948","Die Niners bit die Sihaks and Sihaks crayd Linch is an #epicfail and Wylson is bad and an #epicfail die fans crayd and die Niners are nomber wan Deebo ited die defense that is an #epicfail and Jef Garopolous throwed 5 Touchdowns and sihaks crayd because dey are an #epicfail and die Texans will bit die Sihaks next week in die playsoff and die fans will cray becos dey ar an #epicfail and die Titans wil win die Super Boul becos they ar a #epicwin and Sihaks only won 5 gaymes and lost 11 gaymes in die sison but die referis complain and tuk dem to die playofs and die Sihaks are a corruption and an #epicfail ","2019-12-29 19:45:12"
"700","dbksj1","False","Imagenes","98","Vive sin drogas","mexico","","https://i.imgur.com/cTYePIe.jpg","948","weebs in mexico lmao

edit : weebs are good, it's just the fact i'm browsing reddit and see someone fired a JAPANIZING BEAM on mexican memes just tickles me, memes reach far. no hate toward y'all ✌ ","2019-10-01 00:06:52"
"701","cheq83","False","Imagenes","81","Godinez lvl 99","mexico","","https://i.redd.it/fvavqis5qbc31.jpg","950","Cuanto extraño y no extraño mi vida de Godín. Pero cómo me dio bases para ser luchó :) 

Saludos desde Seattle, WA☺️ ","2019-07-24 22:00:14"
"702","a7ar8l","False","Imagenes","141","Operativo en Guadalajara retiró a ambulantes. Este es el momento justo donde el señor de la fruta expresa su inconformidad.","mexico","","https://i.redd.it/19doz3ao81521.jpg","946","Defiéndete pueblo bueno de la mafia del poder. ","2018-12-18 12:46:37"
"703","f5ijp8","False","Imagenes","135","Cuántos les pido, ya llevo 12","mexico","","https://i.redd.it/5kguzslmrkh41.jpg","945","Que feas tortillas, son de las que se compraron, si no se hacen en el lugar, no es buen taco . ","2020-02-18 00:14:17"
"704","e1u7mr","False","","103","¿Donde es ésto?, según los comentarios es Colima.","mexico","","https://v.redd.it/slxw5sqsmx041","947","Mi comentario no tiene relevancia alguna, pero solo quería decir que se ve como un lugar muy agradable. ","2019-11-26 06:48:30"
"705","b10wj0","False","Imagenes","45","La Pirámide del Sol, antes del caos de semana santa, Teotihuacán","mexico","","https://imgur.com/BrTpEXM","945","Antes de que llene de provincianos sucios lol ","2019-03-14 14:21:46"
"706","9vwzag","False","Imagenes","35","Arrepiéntete prro","mexico","","https://i.redd.it/s908theczjx11.jpg","949","Justo cuando se la vas a meter en la boca ","2018-11-10 19:15:17"
"707","gk2mk1","False",":piolin: Meme","183","¿Sí o no?","mexico","","https://i.redd.it/yokhfyt6zuy41.jpg","951","No está mal tener muchos hijos, está mal tener muchos hijos ignorantes y con baja educación. ","2020-05-15 04:44:28"
"708","d21lvz","False","Imagenes","34","Contemplen, El Ajoelote","mexico","","https://i.imgur.com/l4PJ6AW.jpg","948","AjoElote ","2019-09-10 02:50:53"
"709","a9wjue","False","Imágenes","78","Aguacate Mexicano en China","mexico","","https://i.redd.it/syzn74kkgr621.jpg","944","Lastima que esta clase de exposición internacional se va a terminar gracias a la deformación de 4ta. ","2018-12-27 06:01:30"
"710","9p970o","False","Imagenes","81","Tortuconcha.","mexico","","https://i.redd.it/24lvat4y2ys11.jpg","947","Vi el titulo y pensé: ""A ver pinche aberración hicieron ahora"". Not disappointed. ","2018-10-18 13:19:46"
"711","fwwrg0","False","Humor :snoo_smile:","29","Talento mexicano","mexico","","https://i.redd.it/09orfal9uhr41.jpg","942","La familia Coors is anti-gay por si los gays toman Coors. Esto es en serio. ","2020-04-08 01:05:31"
"712","e5jmkp","False","AMA","186","Termine el primer tratamiento contra el cáncer cerebral AMA.","mexico","Hola queridos erremexicanos, me presento de nuevo. Tengo 23 años, vivo en la CDMX y el diciembre pasado, después de una cirugía, fui diagnosticado con cáncer cerebral (glioblastoma).

[Post de cuando empece el tratamiento.](https://www.reddit.com/r/mexico/comments/ain80b/ma%C3%B1ana_empiezo_mi_tratamiento_contra_el_c%C3%A1ncer/)

El tratamiento consistió en 30 días seguidos de radiaciones y 42 días de quimioterapia. Al terminar en Marzo, tuve 1 mes de descanso para comenzar a tomar casi el triple de dosis de quimioterapia haciéndolo de manera mensual por 6 meses, terminando en septiembre.

Durante el mes de Julio me hicieron una resonancia para ver que tanto se logro. Para sorpresa mía y de mi familia, el [tumor que tenia un volumen de \~10x5x6 cm](https://imgur.com/MRYjx5E) había desaparecido, no había indicios del tumor ni nada, fue una buena noticia. Después de terminar el tratamiento en septiembre, sigo aquí, sin ninguna molestia ni dolor en algún lado.

Quiero decirles que no fue algo fácil, emocionalmente me sentía de la verga cuando me dijeron que tenia que tomar quimio por 6 meses, ya quería dejarlo todo. Pero no fue así, creo que me ayudo mucho el estar con mi familia y mi pareja, ademas del apoyo de mucha gente, amigos conocidos y familiares. 

Y claro, muchos mensajes de extraños de Internet ;) 

Yo se que en algún futuro (que espero, sea muy distante) puede que regrese este mal a mi, pero no es motivo para desmotivarse, todos tenemos que tomar decisiones muy importantes y criticas en algún punto de nuestras vidas, yo elegí vivir, vivir hasta que mi cuerpo permita salir a correr, preparar una rica comida para mi family y mi novia, ponerme pedo con mis compas. 

La parte mas difícil de todo esto, es aceptar que tienes cáncer y seguir de cualquier forma hacia adelante.

Gracias queridos erremexas!

ama?","https://www.reddit.com/r/mexico/comments/e5jmkp/termine_el_primer_tratamiento_contra_el_cáncer/","947","del5eted. ","2019-12-03 16:34:53"
"713","cw3pc5","False","Humor :snoo_smile:","64","Sala de espera VIP","mexico","","https://i.redd.it/gtjihndcizi31.jpg","937","[deleted] ","2019-08-27 12:23:59"
"714","akteum","False","Imagenes","132","TIL Tijuana esta más cerca de Metlakatla, Alaska que de Tuxtla Gutiérrez, Chiapas","mexico","","https://i.redd.it/lyoqyca5x8d21.jpg","941","un chiste, no? ","2019-01-28 23:09:21"
"715","gboviy","False",":piolin: Meme","155","Hay Sinaloa, 🤦🏻‍♂️.","mexico","","https://i.redd.it/ckginxgli7w41.jpg","938","Que racista es esta foto ","2020-05-01 19:42:13"
"716","ck40uu","False","Imagenes","50","""El Tecuan"" uno de mis proyectos de arte digital en 3d. Saludos a todos!","mexico","","https://i.redd.it/w0w6wo6mrkd31.jpg","944","Muy bueno... Algo que le podría dar mas, podría ser más detalle, por ej las piedras con alguna imagen rupestre, el cuerpo con algún tatuaje, alguna constelación en las estrellas, algo que refleje más de ""la historia"" que estés contando. Y no se si la cabeza podría ser un poco más grande. ","2019-07-31 05:28:34"
"717","a4xqkw","False","Imagenes","57","They never lied","mexico","","https://i.redd.it/sy8500olra321.jpg","942","muy fans de Los Simpson pero cuando les dicen que los políticos son todos masones (orden eclesiástica civil) y que la tierra es plana, se ponen re agresivos cárnales, como si la NASA fuera del pueblo jaja  ","2018-12-10 17:32:43"
"718","ddyl3r","False","Humor :snoo_smile:","37","Ese ingenio Mexicano","mexico","","https://i.redd.it/srmukfi4muq31.jpg","938","Everyone speaks Spanish ","2019-10-06 04:29:20"
"719","a6bkck","False","Imagenes","76","Atardecer en Monterrey.","mexico","","https://i.redd.it/z3uvb22suc421.jpg","937","Eso pasa cuando dejan a los insectos comerse el queso que ponen en el asador con todo y envoltura ","2018-12-15 02:46:00"
"720","b1flvr","False","Imagenes","29","Cuando vas tranquilo por la calle y la pared te insulta :(","mexico","","https://imgur.com/8d5XXxj","942","En centro histórico? ","2019-03-15 14:27:54"
"721","a0kt0f","False","Imagenes","122","Hmmm","mexico","","https://i.redd.it/o2s88u7wbp021.jpg","941","Hitler estaba al lado derecho de la politica. AMLO hasta el izquierdo. Mejor comparación seria Joseph Stalin      ","2018-11-26 16:26:48"
"722","5rwz87","False","Imagenes","67","Freddie Mercury en Puebla, Mexico (1981)","mexico","","http://i.imgur.com/HmR3ORF.jpg","940","Actually he's committing cultural appropriation, acts such as this should be frowned upon. Especially considering he's English  ","2017-02-03 22:17:34"
"723","f9saqa","False","Tweet :tweet:","305","Siempre he opinado lo mismo","mexico","","https://i.redd.it/m5eqcnb6f9j41.jpg","932","He visto Piña Express unas 10 veces y me ha quedado claro que consumir mota puede producir muchos problemas y situaciones vergonzosas.

A muchos marihuanitos les cayo el saco pues si nos referimos a las drogas en general (que creo es el punto del argumento de la imagen, no solo la marihuana en sí) entonces, su opinión seria diferente, tal vez(?).

Recordad amigos las drogas tienen reacciones contraproducentes en la mayoría de los seres humanos y mas si es una sociedad ignorante como en Memexico.

A menos seas un músico o desarrollador o artista que usa el fumarse un porro como algo para producir creatividad.  
Claro que este tipo de gente solo representa el %1 de la población.  
Así que, en serio creen que su opinión de ""es que las drogas no son tan malas"", para una típica localidad en México es lo mas optimo a seguir/pensar.   
Cuando son los narcos, los que venden estas drogas, los causantes de muchos actos violentos en los últimos 10 años en el país. ","2020-02-26 12:12:51"
"724","8vdn37","False","Imagenes","33","Mexception","mexico","","https://i.imgur.com/2hA11aM.jpg","932","Tan rico que huele, más si se bañan ","2018-07-01 22:27:42"
"725","ajct18","False","","242","Millions of Americans Flood Into Mexico for Health Care — the Human Caravan You Haven’t Heard About","mexico","","https://truthout.org/articles/millions-of-americans-flood-into-mexico-for-health-care/","933","Shouting 'Mexico First,' Hundreds In Tijuana March Against Migrant Caravans

https://www.npr.org/2018/11/19/669193788/shouting-mexico-first-hundreds-in-tijuana-march-against-migrant-caravan ","2019-01-24 14:14:24"
"726","c3aq9v","False","Tweet :tweet:","79","Cuatro estudiantes mexicanos, apoyados por donaciones, entre ellas del cineasta Guillermo del Toro, ganaron dos medallas de oro y dos de plata en Olimpiada Matemática Centroamericana y del Caribe","mexico","","https://twitter.com/elnorte/status/1141949623055114241","932","HOLY SHIT YES YES YES!!!!!! GRACIAS A ESTO EL PAIS VA A MEJORAR! LA ECONOMIA SUBIRA, AMLO SE HARA INTELIGENTE, EL GASOLINAZO SE REVERTIRA Y NUESTRA CALIDAD DE VIDA MEJORARA, GRACIAS ESTUDIANTES DESTACADOS!!!!!! ","2019-06-21 13:44:30"
"727","fu8l9c","False","Noticias","347","Mexico’s President Has Gone Totally off the Rails","mexico","","https://slate.com/news-and-politics/2020/04/coronavirus-amlo-mexico-president.html","931","no nosotros somos los que andamos mal

el virus es puro wuato lo que pasa es que estan robando el mundo los de la F.E.D. y necesitan mantenernos distraidos

se autorizaron 1.5 trillones por lo pronto...es un 1 con 18 DIEZYOCHO PINCHES CEROS de dolares

pero bueno eso nunca va a salir en las noticias y la verdad no hay nada que hacer mas que aguantarse y ver que nos dejan para vivir ahora que nos dejen volver a trabajar ","2020-04-03 13:39:32"
"728","eexprq","False","Humor :snoo_smile:","45","Felices fiestas a todos !!","mexico","","https://i.redd.it/cp797dvy2j641.jpg","925","[deleted] ","2019-12-24 06:48:53"
"729","blduxl","False","Imagenes","48","Hmmm","mexico","","https://i.redd.it/5ceoqhhp0mw21.jpg","934","Magia, magia pokemon ","2019-05-06 15:53:02"
"730","aul8e5","False","Imagenes","127","El Establo de México","mexico","","https://i.redd.it/uu685msnupi21.jpg","926","Si no fuera por la alta burocracia y corporativos  que décadas atrás han fijado sus oficinas en el extinto DF las fotografías serían idénticas.

La capital es una de las entidades más decadentes del país junto a Edomex ","2019-02-25 13:26:22"
"731","gogr3r","False","Humor :snoo_smile:","184","TIL Jalisco significa mal perdedor en Chile","mexico","","https://i.redd.it/on43a4hbla051.jpg","927","Ja, ja los Jalisquillos con el narkokogovernador charlie brown y su prima la rusa jajajaj ","2020-05-22 10:19:25"
"732","caoew4","False","Imagenes","39","Palacio de Bellas Artes","mexico","","https://i.redd.it/2aqrjtr2c4931.jpg","923","Otra vez ya van a poner fotos de bellas artes ? ","2019-07-08 17:56:26"
"733","boxppe","False","Imagenes","123","Voy a dejar esto por aqui...","mexico","","https://i.imgur.com/Qace0E7.jpg","925","Que no lo único que tendrían que hacer es comprarlos aquí y exportarlos ilegalmente? ","2019-05-15 13:06:50"
"734","bhre5n","False","Imagenes","39","Avenge the Fallen","mexico","","https://imgur.com/JMQFVI9","928","Cinepolis ","2019-04-26 21:00:35"
"735","a43yrv","False","Imagenes","46","Mexican Night in Holland!","mexico","","https://i.redd.it/krd5kpp95x221.jpg","926","Finally, some brown people that won't kill/rape you. ","2018-12-07 20:52:09"
"736","c9o1so","False","Humor :snoo_smile:","31","Batinopales","mexico","","https://i.redd.it/f2j86lpx8l831.png","925","BatIPN ","2019-07-06 01:45:29"
"737","9odn4t","False","Imagenes","127","Mientras tanto en el Reino Catolico de la Sultana del Norte","mexico","","https://i.imgur.com/cxqJ1ea.jpg","926",">Reino Catolico de la Sultana del Norte

No mamar, que asco.

>Reino de la Sultana del Norte

Meh

>Reino del Norte

Excelente

 ","2018-10-15 15:24:42"
"738","e639ld","False","Imagenes","35","quetza","mexico","","https://i.imgur.com/gJMwqoH.jpg","921","[deleted] ","2019-12-04 18:15:58"
"739","ctw22n","False","Imagenes","22","A Cross post de r/gaming.","mexico","","https://i.redd.it/bu3vwt7sjwh31.jpg","919","[deleted] ","2019-08-22 11:26:52"
"740","8tjap1","False","Imagenes","77","Antes y después de las elecciones","mexico","","https://i.redd.it/uy0qhyavfz511.jpg","920","pues cambia lo guey  ","2018-06-24 17:21:46"
"741","d6w5fg","False","Humor :snoo_smile:","30","Día de los Muertos en Legos","mexico","","https://i.redd.it/clu58oteeon31.jpg","916","al chile se ve vergas ","2019-09-20 15:01:23"
"742","clph68","False","Imagenes","72","La Gran Tenochtitlán","mexico","","https://i.redd.it/ype16qp5kbe31.jpg","918","Me pregunto si ellos tenian el mismo debate de las quesadillas con queso. ","2019-08-03 23:34:52"
"743","7rpg9k","False","Imagenes","22","Por fin!","mexico","","https://imgur.com/eu31DSN","917","REEEEEEEEEEE ","2018-01-20 09:24:01"
"744","6cz3nh","False","Imagenes","112","Orgullo mexicano en Cannes Film Festival 🔥","mexico","","https://i.redd.it/n1186501rczy.jpg","914","No entiendo mucho eso del orgullo mexicano en el arte pero bueno ","2017-05-24 01:38:55"
"745","bkmhf7","False","","65","El presente es cybermexico","mexico","","https://v.redd.it/0yb75xhof2w21","916","Reeeeee mi karma mi karmaaaaaa ","2019-05-04 15:49:44"
"746","hbnv8c","False","Humor :snoo_smile:","49","Velo hasta el final!","mexico","","https://v.redd.it/4kw49a1npq551","912","#Y Q CHSM EL AMERICA!!! ","2020-06-18 21:53:03"
"747","blq55c","False","Imagenes","186","A crime against humanity","mexico","","https://i.redd.it/shl6k0r11mw21.jpg","912","Y eso contribuye bastante a que los que no son mexicanos no conozcan la comida mexicana real y tengan una idea errónea o que es igual a la que está en la foto. No estamos a la altura de Perú o Japón (en popularidad) pero también nuestra cocina es Patrimonio Cultural Inmaterial de la Humanidad.
Fui a un restaurante de comida “mexicana” en Brasil y me pasó exactamente lo mismo. q triste deberas ","2019-05-07 12:32:42"
"748","a6r2uv","False","Imagenes","23","Felices fiestas, dice el quis","mexico","","https://i.redd.it/adxuws7ngo421.jpg","919","Kiss ","2018-12-16 17:48:11"
"749","dk3kii","False","Humor :snoo_smile:","113","Todos ahorita","mexico","","https://i.redd.it/shfczkkwyht31.jpg","911",">y a mí que me dices? yo voté por el Bronco

De todos los candidatos el menos peor era el líder Thundercat, pero al ver que no levantó ni la última semana, terminé votando por Anaya que estaba en el segundo lugar y era el que hubiera podido evitar al chavista López

Irónicamente esos idiotas que votaron por el Bronco, por idealismos, o votaron en blanco, le regalaron la presidencia a AMLO Pantalones Miados

Chistes como éstos, dan para pensar que hay muchos más que 30 millones de imbéciles en el país, muchos de ellos consanguíneos del norte ","2019-10-19 13:10:12"
"750","c9ttci","False","Imagenes","50","Quetzal y Quetzalcóatl, espero les guste :)","mexico","","https://i.redd.it/9ygu7tfruo831.jpg","910","I like this .. but [this is brilliant](https://encrypted-tbn0.gstatic.com/images?q=tbn%3AANd9GcTNSS9eIHJL_cFgdBNzv8BSrklJTcKt0iIO0qEPWUiVceWUr954) ","2019-07-06 13:52:55"
"751","bzea08","False","Imagenes","154","Wait, what?","mexico","","https://i.imgur.com/puqog3l.jpg","907","gracias, mexico lindo ","2019-06-11 15:59:56"
"752","bqz0wo","False","Imagenes","37","Guanajuato de noche","mexico","","https://i.redd.it/drov3762pez21.jpg","910","I love Guanajuato.  Wish I could wake up and go to sleep with this view again someday. ","2019-05-20 18:05:41"
"753","aqip3r","False","Videos","183","A brazilian japanese teacher dubbed Chavo del 8. Thank you Mexico for this awesome show and all the memes that it generates!","mexico","","https://youtu.be/2mq9Agdtpfs","911","En México el Chavo del 8 es para gente idiotizada. Ninguna persona culta se atrevería a hablar bien del Sheikspirito. Son chistes malos que se repiten invariablemente durante todos los episodios.

&#x200B; ","2019-02-14 11:15:11"
"754","ad5rcf","False","AMLO","35","Seguro no sabían que AMLO era cosplayer.","mexico","","https://i.redd.it/9aw95c0b6t821.jpg","906","y vaya que los políticos son cosplayers en si. Los que mandan están muy por detrás aún.  ","2019-01-06 13:56:41"
"755","g4jkmf","False","Humor :snoo_smile:","152","Sin palabras...","mexico","","https://v.redd.it/sirr7zw0kvt41","909","Tener una cámara y un micrófono enfrente te quita como 50 puntos de IQ, así que déjenlos, están chavos :s ","2020-04-20 01:21:12"
"756","9oi7jv","False","Imágenes","155","Señora saca a nadar a su pato a fuente publica","mexico","","https://i.redd.it/j2dm0em4sfs11.jpg","910","r/cursedimages ","2018-10-15 23:47:19"
"757","ebynbj","False","OC","494","[OC] Analicé 33,502 publicaciones y 591,794 comentarios de r/Mexico durante todo el 2019 y estos son los resultados.","mexico","","https://i.redd.it/vevmafys78541.png","910","-Pues

Una palabra tan usada como AMLO

¿Se dice pos o pues?

:) ","2019-12-17 17:15:20"
"758","cxpqf4","False","Imagenes","55","Y apenas van 7 meses....","mexico","","https://i.redd.it/oardwyvjpoj31.jpg","909","Lmao! No manchen so true 🤣 ","2019-08-31 01:09:00"
"759","8e6ncq","False","Humor","24","El Chedraui de las mamas luchonas","mexico","","https://i.redd.it/broiw321bjt01.jpg","909",".  ","2018-04-22 22:13:31"
"760","9f31a8","False","Imagenes","35","Proverbio Mexicano","mexico","","https://i.redd.it/v59bi7juepl11.jpg","909","Dirigido a los “YucaNigros” del PRI. Pónganse a trabajar, a generar su propia riqueza, respeten la de los demás. Sin vergüenzas.  ","2018-09-12 00:41:19"
"761","6dhd37","False","Imagenes","165","El tipo de patriotismo que México necesita (xpost from r/Germany)","mexico","","https://imgur.com/P53IX9a","904","Otra vez los europeos como si fueran mejores que el resto del mundo.

Que se tragan su chinga vergas esos putos ","2017-05-26 14:42:34"
"762","fbglvz","False","Imagenes","52","The mexican telegraph network (1890)","mexico","","https://i.redd.it/5v7ily5hkwj41.png","903","La playa se llamó en algún momento Bagdad, pero era por qué antes era un puerto llamado Bagdad ","2020-02-29 18:19:17"
"763","fy96cl","False","Ask Mexico","131","Acaba de fallecer mi tío de Codiv.","mexico","CDMX.

82 años, complicación derivó en neumonía e infarto fulminante.

Zona de contagio probable: Centro Comercial Perisur hace 3-2 semanas. Luego de eso prácticamente no salió de casa y hace 2 semanas empezó la sintomatología.

Preparandolo para cremación, el cuerpo solo lo entregaran directo a la funeraria.

No es joda esto.

Edit:

Gracias por sus comentarios. 

El post es sólo para decirles eso, el virus no es una broma, la situación es real.

Edit 2:

Era viudo pero vivía con uno de sus hijos y mi otra prima siempre estaban pendientes de él (en la casa de mi  tío tenía su despacho así que todos los días se veían).

Pues fue eso, empezó hace 2 semanas con una aparente gripe fuerte. Al parecer se aceleró todo porque tuvo un enfriamiento fuerte por bañarse un  día en ese lapso con agua fría por error. De ahí tuvo fiebre y a los pocos días cansancio y dificultad para respirar. Le hicieron el jueves en un laboratorio privado radiografias y el daño en los pulmones era obvio por lo no se esperaron al resultado del Covir. En el hospital quedó en reposo y fue empeorando las dificultades para hablar y hoy hace una hora nos avisaron del infarto. Con síntomas de neumonía estuvo como 4 días y ya hoy no podía hablar.

Para que acepten entregarte el cuerpo es sólo para cremación y sin posibilidad de velación, por eso va directo a la funeraria. Mis primos están en eso ahorita.

Suponemos que fue en Perisur porque estuvo yendo hace como 3 semanas unas 3 veces seguidas a esa plaza porque su teléfono celular se lo iban a entregar. Luego de eso se quedó en casa y no volvió a salir (las compras las hacía mi primo). 

Hasta ahora ellos no han tenido síntomas pero pues se van a cuarentena estricta.","https://www.reddit.com/r/mexico/comments/fy96cl/acaba_de_fallecer_mi_tío_de_codiv/","899","[deleted] ","2020-04-10 05:23:06"
"764","drltll","False","Imagenes","63","Anciano le grita a una nube","mexico","","https://i.redd.it/paeyt44hqpw31.jpg","901","guey, aprende a hacer memes jajaja esta espantoso. ","2019-11-04 18:29:56"
"765","eporav","False","Imágenes","25","N I C E","mexico","","https://i.redd.it/56kxu1qf10b41.jpg","906","That's not how you do it..... [THIS IS HOW YOU DO IT](https://www.nytimes.com/2017/02/08/arts/design/his-art-is-on-the-oxxo-shelves-keep-your-receipt.html) ","2020-01-16 20:08:13"
"766","dnu1io","False","Meta","127","Basado en hechos reales.","mexico","","https://i.imgur.com/RpkdERw.jpg","896","CUANDO NACISTE CRACK? ERES EXTRANJERO RECIEN LLEGADO? PORQUE PARECE QUE ACABAS DE DESCUBRIR QUE MEXICO NO ES UN LUGAR SEGURO, LA INSEGURIDAD NO EMPEZO AYER, NI ANTIER, NI EL MES PASADO, NI HACE UN AÑO, NI HACE 3 AÑOS, SI TU PLAN ES PUBLICAR LOS PROBLEMAS DEL PAÍS (QUE LLEVAN -A-Ñ-O-S-) PARA HACER CREER A UNA BOLA DE PENDEJOS QUE ESTO EMPEZO DESDE EL 1 DE JULIO, PUES ÉCHALE MAS CABEZA CAMPEON, A MI NO SE OLVIDA LOS MAS 50 MIGRANTES INOCENTES ASESINADOS EN TAMAULIPAS, EL CASINO ROYALE EN MONTERREY, EL CASO TATLAYA, LA GUARDERIA ABC, TODAS LAS MUJERES ASESINADAS EN CIUDAD JUAREZ, EL CASO ATENCO, Y MUCHAS OTRAS ABERRANTES Y COBARDES MASACRES POR PARTE DEL MISMISIMO GOBIERNO Y LOS CARTELES DE LA DROGA, CONTRA CIVILES Y CAMPESINOS, YO NO ME CHUPO EL DEDO, AHORA QUE EL PRIAN ESTA EN LA RUINA, RESULTA QUE AHORA SI LES ""IMPORTAN"" LOS PROBLEMAS SOCIALES QUE SOLO HACE UN PAR AÑOS NI LES DABAN TANTA IMPORTACIA COMO PARA ABRIR UN BLOG Y CREAR ""CONCIENCIA"". ","2019-10-27 14:31:22"
"767","a6k8t1","False","Imagenes","53","Fotos reales de la frontera en estos momentos","mexico","","https://i.redd.it/ffegmlxe5j421.jpg","898","[deleted] ","2018-12-15 23:56:17"
"768","b96k12","False","","135","Vicente Fox en pijama en un bufete de Las Vegas","mexico","","https://www.debate.com.mx/export/sites/debate/img/2019/04/03/fotonota_pijamada_en_las_vega_665663.jpg_1899421424.jpg","904","Va porque es casi free.
Codo hasta con el tiempo para ponerse los pantalones. ","2019-04-04 01:30:15"
"769","gsijce","False","Rant :snoo_tableflip::table_flip:","309","Estoy bien pinche decepcionado de los mexicanos","mexico","Hola amigos! Sé que este título puede sonar muy pesimista pero déjenme explicarme

Yo nací en barrios bajos de Monterrey, estudié en escuela pública toda la vida, tuve amigos cholos y pasé una sencilla y alegre infancia de clase media/baja, siempre me esforcé mucho y trabajé mucho tanto en la escuela como en empleos temporales para ganarme la vida, apoyar a mi familia y mi país, antes de entrar a la universidad me salió una oportunidad de trabajo en Canadá, era algo no muy bien pagado a estándares Canadienses pero a estándares mexicanos era super alta la paga

Me fuí a Canadá, llegue a Toronto y trabajé de albañil 5 años acá y me he ganado la vida, no soy rico para nada pero se vive bastante agusto, el nivel de vida es mucho mayor y tengo un depa chiquito pero cómodo, auto propio, y he hecho varios amigos de muchas culturas, se puede decir que estoy viviendo el sueño (norte) americano, aprendí a hablar ingles y un poco de frances y me he adaptado muy bien

Siempre recordé con mucho cariño a mi Mexico, las señoras de gorditas que daban comida super rica, los puestos de tacos, pedas, calidez latina compas y buenas chelas

Regrese a mexico a visitar a mi familia en Marzo y luego comenzó la contingencia y me estoy quedando aqui de awebo jajajja

Esta bien lindo estar de vuelta en casa pero puta madre, wow con las cosas que he notado y las noticias que he visto

En varios estados del país golpean a personal medico por miedo a que los contagien, en Toluca quemaron dos ambulancias y lincharon a varios medicos porque ""lOs EsTaBan cOnTamInaNdO dEl vIrUs"" (hacian sanitizacion de calles y zona general) en Oaxaca la gente esta atacando el palacio de gobierno con palas, picos y machetes porque creen que los están contaminando, en Veracruz quemaron la casa de una doctora para que no contagiara a la colonia

Que somos? Animales? 
Matamos y golpeamos a gente que cree que nos puede enfermar en lugar de tomar distancias y ya?

Aparte dejando de lado el virus, estos dias he salido a manejar y la gente es bien pinche agresiva, se pasa los altos, se te cierran si te vas a cambiar de carril, tienen musica de banda puesta bien pinche fuerte con la ventana bajada (nadie quiere escuchar tu musica mierdera compa), me han mentado la madre por pararme en una señal de alto (pues para eso es imbecil) y en general han actuado como putos gorilas

Y se lo que muchos van a pensar, ""ay wey te fuiste del rancho y ya te crees muy muy! Te crees mejor que nosotros traicionero""

No, no me creo mas que nadie, respeto mucho a los mexicanos y (por años de corrupcion y pobreza) son de las personas mas trabajadoras y chingonas del mundo, neta que los quiero mucho, y se que muchísisisima gente es bien linda y educada y no hace estas mamadas que mencioné, pero wooow por otro lado mucha mucha gente del país no tiene dos pesos de decencia y educación, algo es adorar a la virgencita que crees que se te apareció en una tortilla o comerte un bolillo ""pal susto"", ignorancia inofensiva y tierna, pero que es eso de golpear personal medico? Pensar que te ""están contaminando""? Que es esa mentalidad de no dejar cambiarse de carril o de joder al que le va poquitito mejor que a ti? Neta que somos bien pinches toxicos y culeros, y la raza lo sabe

Es la mentalidad de cangrejos y de arrastrar a todos para abajo

En Canadá, tu te vales por ti mismo, la gente es mas fria y distante y se puede poner solitario, pero nunca en la vida me he sentido atacado alla por alguien, nunca la gente de alla haría algo como golpear doctores por un suposición tan ignorante como que te están contaminando

Neta amigos, se que somos bien chidos, pero también la raza se mama y le da una muy mala imagen al país, se que podemos mejorar

Fin del rant


Los quieronun chingo raza

Y","https://www.reddit.com/r/mexico/comments/gsijce/estoy_bien_pinche_decepcionado_de_los_mexicanos/","893","Perdone usted señor frances. 

Ya regresate. ","2020-05-29 00:37:56"
"770","gmyai7","False",":piolin: Meme","127","Al parecer el meme ya se corrio hasta en Rusia traducción “cuando regresas de Moscú a tu villa natal con tu familia y todos lucen como gente moderna.”","mexico","","https://i.redd.it/tmrmm0yinsz41.jpg","893","r/unexpectedcommunism ","2020-05-19 21:59:39"
"771","bic8j5","False","Imágenes","55","En la feria de mi pueblo, wafflengers y elothanos...","mexico","","https://i.redd.it/dirw4f2gu0v21.jpg","898","Y lo bueno es que hasta dice para donde correr en caso de emergencia. ","2019-04-28 15:14:34"
"772","b08xgf","False","Imagenes","42","De r/TheWayWeWere","mexico","","https://i.redd.it/sagi3byggol21.jpg","896","[deleted] ","2019-03-12 15:17:10"
"773","ayko47","False","Meme","58","Camarón que se duerme...","mexico","","https://i.redd.it/yrh2q24fwsk21.jpg","893","JJAJAJAJAJAJJAJAJAA OYE QUE GRACIOSO ERES  ","2019-03-08 01:49:52"
"774","fxbkeg","False","Tweet :tweet:","55","Algunos datos sobre el policía que se volvió viral hace días","mexico","","https://i.redd.it/eqmwpmioxmr41.jpg","900","Ah simón, se me olvida que en este México el policía que hace UNA cosa buena siempre ha hecho todo bien y jamás se ha merecido una putiza.

Ah y yo apoyo el que a la gente se le permita el suicidio. El no permitirlo lleva a que la gente sienta necesidad de andarte ""salvando"" de la única alternativa que te dejaron. ","2020-04-08 18:12:50"
"775","euutex","False","Imagenes","245","Rascando hasta el último peso","mexico","","https://i.redd.it/1d7vrzxk3ed41.jpg","896","Justo por eso es que yo deje de ir al cine, vas a cotorrear, te llevas tus dulces o algo para botanear pero si te los ven NO los puedes pasar, mejor VAYANSE al karajo. Ya hasta hacen el operativo mochila, no por seguridad sino para que no pases nada de dulces o botana. ","2020-01-27 21:31:59"
"776","dtwfrj","False","Meta","190","Mujico majico.","mexico","","https://v.redd.it/n7ajalskglx31","896","It's Mexico lol who cares there are bigger problems then this


Edit:. I don't mean who cares, it's Mexico, I mean, like, it's just a little careless driving, there's bigger problems like not getting carjacked or shot or kidnapped ","2019-11-09 14:16:05"
"777","d3bkjh","False","Imágenes","81","Vista Aérea de la Ciudad de Mexico, XIII, 2006. Foto de Pablo López Luz.","mexico","","https://i.redd.it/epd85aq3a7m31.jpg","895","cuando puedes contar los árboles en la foto es que algo está jodido...... ","2019-09-12 17:48:45"
"778","a0vdyh","False","Imagenes","94","Los Hondureños luego de su enfrentamiento en la frontera con EUA","mexico","","https://imgur.com/q5dJy7b","896","See me hace peor que es un meme de Mexico para hondurenos, y Ni en Mexico Ni en Honduras hablan ingles.  Pa k fregaos lo ponen en Ingles? ","2018-11-27 14:36:21"
"779","gvxnl7","False",":piolin: Meme","41","No solo de politica vive el subreddit","mexico","","https://i.redd.it/0quoq58v6q251.jpg","891","Qué ""cuando el de los tacos te dice güerito"" significa en inglés? Mi primero lenguage es inglés, y esta parece estar jerga. ","2020-06-03 16:56:38"
"780","fog9sj","False",":piolin: Meme","85","oof","mexico","","https://i.redd.it/49srxdcimpo41.jpg","892","Mejor hubieran votado por el meade. Pues ahuevo mirrey ","2020-03-25 00:03:09"
"781","ain80b","False","AMA","397","Mañana empiezo mi tratamiento contra el cáncer cerebral. AMA","mexico","Tengo 22 años y soy estudiante de Ing en Informática en la CDMX, erremexicano desde hace ya 5 años.

En diciembre tuve una cirugía para extraer el tumor y liberar presión, una parte de lo que se extrajo se le realizo su análisis patológico y días después se diagnostico como maligno. Mañana comienzo el tratamiento de radioterapia y quimioterapia y va a estar pesado.

AMA!

Edit:

Gracias a todos por sus buenas vibras, de verdad quisiera poder abrazar a cada uno de ustedes. Mañana tempranito a dar todo, a afrontar esta mierda de enfermedad. Aunque sea muy difícil  todo lo que aún me falta por pasar yo no creo rendirme. Tomare en cuenta todos sus consejos y otra vez muchas gracias erremexico, a darle duro a esto. Espero después de la terapia hacer otro post, for the lulz.

&#x200B;","https://www.reddit.com/r/mexico/comments/ain80b/mañana_empiezo_mi_tratamiento_contra_el_cáncer/","894","Dime la definicion de psicopata ","2019-01-22 14:14:56"
"782","e82ttv","False","Imágenes :vsd:","24","Mariachis Enfrente de la Parroquia en San Miguel de Allende.","mexico","","https://i.redd.it/0p3ktkcyei341.jpg","893","Mis compas y yo jugando Dark Souls ","2019-12-09 01:27:44"
"783","g16u2r","False","Rant :snoo_tableflip::table_flip:","220","[Rant] A todos los que están lucrando con equipos de protección personal...","mexico","... la porra les saluda, ¡qué chinguen a su madre! 

No tienen idea la madriza que nos están poniendo al personal de salud quienes tienen que comprarlo en el mercado negro porque el IMSS no está otorgando equipos de protección, contrario a lo que anuncian en redes sociales. Ese mercado negro es imposible negociar y sus precios solo suben y suben al grado de que una máscara o un overol equivale al salario de un par de días. 

Por supuesto que hay almas caritativas que nos han entregado lo que necesitamos, al cual les damos las gracias del mundo, pero son tan escasas que se comparan con gotas de agua en un incendio. 

Queremos seguir trabajando, queremos hacer nuestro esfuerzo para salir adelante ante la pandemia pero también queremos cuidarnos porque tenemos familias a quien llegar y necesitamos esos equipos de protección pero si los revendedores insisten en subir y subir el precio, va a llegar a un momento en que tendremos que pagar mas de lo que ganamos solo para poder cuidarnos mientras trabajamos. 

Ahi les va un ejemplo, una enfermera gana aproximadamente $600 por jornada laboral, ¿cómo le va a hacer si una máscara N95 la están vendiendo en $300 pesos? Créanme cuando les digo que aún así, aún con ese precio la están pagando porque quieren trabajar y cuidar de sus  pacientes. No tienen idea de la entrega que ellos y ellas hacen por sus pacientes. 

Otro ejemplo: Conozco a una laboratorista del IMSS que es madre soltera con dos hijos, quien vendió su televisión para poderse comprar una pinche caja de diez cubrebocas N95 de 3M para que le alcance lo que queda de la quincena, ¡una pinche cajita pedorra! La pinche caja se la vendió un “revendedor oficial” en $4,500 pesos, ¡el wey ni una pizca compasión tuvo pero si bien chingón pidió consulta de a gratis por la pandemia! (Claro que se la dimos, es nuestro trabajo) 

Por eso, a todos los revendedores que están aprovechándose de la situación creyendo que están haciendo su agosto, que tendrán un cochinito por ahí y se sienten muy felices por ello, en realidad están perjudicando a los médicos, a las enfermeras, en sí a la nación, están literalmente afectando a todo el personal de salud de todo México y a sus familias también. 

De verás les digo a todos los revendedores HDP que inflan el precio de los equipos de protección, ojalá que no se vayan a enfermar porque el karma es bien cabrón. 

Y a todos ustedes que han puesto su granito de arena, gracias de verdad, y si ven a alguien aprovecharse de la situación, pónganle dedo, en serio, esto no es un pinche juego, la gente se esta muriendo cabrón, los directivos de las instituciones de salud ya brincaron barco y no hay mas ventiladores, esto se va a poner super feo en dos a cuatro semanas.

¡Cuídense mis amigos, recuerden mantener su distancia, lavarse las manos, etc.!

Edit: Una disculpa por mis groserías pero esto me sale del corazón, sé que mi madre me jalaría las orejas si me escuchase hablar así pero después de una jornada de trabajo, mi filtro se llenó.

Edit 2: Hoy usé mi última N95, tuve que pagarle a un contador, que las andaba vendiendo, $1800 por diez máscaras N95 nisiquiera de las Americanas, de las Chinas. La clínica si está aportándolas pero solo para quien esté en el área de COVID-19, todos los demás, que se las ingenien. De esas diez repartiré unas cinco a mis compañeros, confío que de perdida nos duren unos diez días. Ojalá así sea.

**Edit 3: Gracias por el generoso gold u/xvenel jamás había recibido uno y por supuesto que es bien recibido pero para mi me da mas alegría si ese recurso económico, no importa que tan chiquito sea, se destine a los trabajadores de salud sea en forma de donación económica o en especie, no solamente a médicos y enfermeras sino al personal de intendencia, servicios generales, paramédicos, etc., y cuando vean uno denle las gracias, de lejecitos por supuesto, ánimenlo y échenle porras. Si vamos a salir de esta pero todavía nos falta mucho, muchísimo.**","https://www.reddit.com/r/mexico/comments/g16u2r/rant_a_todos_los_que_están_lucrando_con_equipos/","886","CAPITALISMO! Cada hombre hace las cosas a su beneficio, asi se construyo esta sociedad. ","2020-04-14 14:47:15"
"784","eif3wl","False","Ask Mexico","64","Feliz año nuevo a todos los integrantes de r/mexico","mexico","Que cumplan todos sus deseos y que este año les vaya mejor o menos peor Jajaja :D","https://www.reddit.com/r/mexico/comments/eif3wl/feliz_año_nuevo_a_todos_los_integrantes_de_rmexico/","892","Tu mamá es hombre ","2020-01-01 06:26:18"
"785","c697g2","False","Imágenes","53","Vi a un sueco con esta playera en Turquía","mexico","","https://i.redd.it/2jryr5qc1y631.jpg","889","Mexicano viviendo en Suecia. 

Malditos suecos creen que tienen derecho de apropiarse de la cultura latino americana. Por ejemplo, los viernes para ellos es de comer tacos (estilo taco bell), y consideran que eso es una tradicion sueca ahora. He escuchado que los noruegos hacen lo mismo. ","2019-06-27 18:37:36"
"786","8r3ug9","False","Imagenes","61","The four caballeros","mexico","","https://i.imgur.com/2OVuHZQ.jpg","894","Mis respetos! Como le hacen para sobrevivir si no hablan ruso ni inglés. Únicamente español chilango. ","2018-06-14 17:42:45"
"787","c4u7ul","False","Imagenes","47","En la temporada del terremoto alguien hizo este fanart de Frida con Marina de Splatoon 2, pensó que su nombre también era Marina por su chaleco. ¡Gracias Frida!","mexico","","https://i.redd.it/euvx0helxc631.jpg","883","En algún lado leí que Frida fue un triste caso de Fake News. Alguien sabe la veracidad de eso? ","2019-06-24 19:38:52"
"788","bxvfai","False","Humor :snoo_smile:","52","La mera tbh","mexico","","https://i.redd.it/pi7xu41e5y231.jpg","889","Lo es desde Estados Unidos y mí español es muy mal, pero yo traducido en google y eso muy gracioso. Tambien lo seinto para nuestro presidente. ","2019-06-07 14:43:49"
"789","bjvre4","False","Imagenes","55","Gobierno de México, descripción gráfica","mexico","","https://i.imgur.com/JtUTeFJ.jpg","889","Traducción: mi única forma de participación política es compartiendo memes chairos como este. ","2019-05-02 14:44:17"
"790","ao5ovt","False","Humor","131","Por algo sale en el de 200","mexico","","https://i.redd.it/yizap7j7e6f21.jpg","887","Todos aquellos que tienen libros físicos sin tener un kindle o similar, son unos puñetas. Ridículos culeros chinguenasumadre, Sor Juana culera.  ","2019-02-07 16:47:54"
"791","93sl2z","False","Meme","34","Memes apoyando el ecosistema en Playas de Tijuana","mexico","","https://imgur.com/loEZDNl","891","Para qué recoger tu basura si no se te castiga? A los que dejan la basura no les importa. No se tiene que tomar bebidas alcohólicas pero a la gente tampoco le importa.  ","2018-08-01 20:17:51"
"792","726cp0","False","Imagenes","11","Gracias por su ayuda.","mexico","","https://imgur.com/ZL9ON1y","887","El perro a quien representa?
 ","2017-09-24 17:19:26"
"793","b8di5h","False","Imagenes","17","Porfa","mexico","","https://i.redd.it/oov8qdzomrp21.jpg","889","Plot twist: todos morimos por tantos pedos

. ","2019-04-02 02:54:12"
"794","ankdq8","False","Humor","36","/r/nopaltech","mexico","","https://i.redd.it/l3d74fk57ue21.jpg","887","[mientras tanto en el palacio](https://i.kym-cdn.com/photos/images/newsfeed/001/044/247/297.png) ","2019-02-05 23:47:36"
"795","67ap6a","False","Imagenes","81","Visto en r/politicalhumor","mexico","","http://i.imgur.com/rXlOW4L.jpg","889","> undocumented immigrants being leeches of the system is far right propaganda

Immigrants do send their kids to school though, and that costs a hell of a lot to tax payers ","2017-04-24 17:52:20"
"796","9xe4w7","False","Meme","42","Es que lo imprimieron mal...","mexico","","https://i.imgur.com/IAYQ2hw.jpg","883","Aunque al mismo tiempo se les colapsa el cerebro a los fachos que querían mano dura y no cosas amigosas, no? ","2018-11-15 19:02:04"
"797","9u6cbk","False","Imagenes","49","Lonchera de Bimbo de los años 90.","mexico","","https://i.redd.it/8uspz3yu9dw11.jpg","890","Están de la verga ","2018-11-04 19:37:27"
"798","eah6p1","False","Imagenes","42","Mexicoball de peluche","mexico","","https://i.redd.it/6k3pfwfz4k441.png","881","Militares ofendidos intensifies. ","2019-12-14 08:13:49"
"799","bprqzp","False","Humor","60","Estos regios","mexico","","https://v.redd.it/bhzrgaed8qy21","884","Wow. Y todo eso por solo 8 pesos. ","2019-05-17 14:11:00"
"800","bner9u","False","Imágenes","42","Nada más 2 tortillas, estoy a dieta","mexico","","https://i.redd.it/wzf0rrnncmx21.jpg","881","I H8 tlayudas ","2019-05-11 17:42:07"
"801","ar5kpn","False","Humor","39","El Santo y blue demon presentan...","mexico","","https://i.redd.it/vap7z3r95vg21.jpg","881","La lucha es por nuestra identidad, que se está perdiendo por perseguir un sueño americano.

No todo en reddit es vacilón; despierten compadres. ","2019-02-16 05:06:30"
"802","8c233d","False","Imagenes","135","Boxeador mexicano le da una paliza a boxeador estadounidense que portaba un pantalon corto con un estampado de muro y la leyenda AMERICA 1ST","mexico","","https://i.redd.it/8yrt41lyyor01.jpg","880","Se lo cargo su puta madre al cabron motherfucker ","2018-04-13 19:53:50"
"803","70hkv0","False","Imagenes","95","Taxonomía Mexicana","mexico","","https://imgur.com/iAgY3Od.jpg","880","Bien, claro q iban a faltar cosas, pero si fué un error no diferenciar entre quesadilla CON y SIN queso  ","2017-09-16 15:48:23"
"804","eisoil","False","Humor :snoo_smile:","99","Raza me voy a hacer famosoooo","mexico","","https://i.redd.it/iz1d2u1sca841.jpg","876","Rolalo ","2020-01-02 03:35:44"
"805","blzwnf","False","Humor","32","Cuando la realidad supera a la ficción","mexico","","https://i.redd.it/7rgc2351hww21.jpg","878","Que ropa de mierda. Apenas aguanta los botones. P.D. No estoy obeso. ","2019-05-08 02:40:21"
"806","b00plh","False","Imagenes","91","Hulala señor frances","mexico","","https://i.redd.it/c39wppjiukl21.jpg","881","Hulala hulala hulala hulala hulala hulala... HULALA!!!! hulala hulala hulala hulala hulala hulala hulala hulala hulala HULALA HULALA HULALA HULALA HULALA ","2019-03-11 23:49:43"
"807","cavlsv","False","Rant :snoo_tableflip::table_flip:","139","Lies! Deception!","mexico","","https://i.redd.it/cnxjbsbna7931.jpg","875","Pos a mi nunca me gusta la salsa verde ni el aguacate tons me da igual


Estoy listo pa mis bajivotos ","2019-07-09 03:53:46"
"808","fphmk2","False","Imagenes","54","Hice una nueva ilustración de Axolotes","mexico","","https://i.redd.it/u0q83frjg2p41.jpg","881","Te quedó muy bonita Tienes una página de ilustración? ","2020-03-26 19:12:56"
"809","epmhr1","False",":pp: Opinión","248","Me alimenté (aproximadamente) 19 días por 500 pesos","mexico","TL/DR: 500 pesos de arroz, lentejas, pollo, huevo, lechuga, jitomate, pepino y avena te dan para comer casi 20 días

&#x200B;

&#x200B;

A fines del año pasado tomé todos mis ahorros, mi efectivo y lo que tenía disponible para liquidar una deuda. Aunque tenía un apartado suficiente para vivir de manera normal (al menos para mi), no me gusta estar sin un fondo de emergencia, así que probé a hacer un experimento que ya tenía en la cabeza desde hace un buen rato. Decidí sobrevivir con solo 500 pesos para comer, hasta donde alcanzara.

Ahora, no era mi intención comer muy poco, o lo más barato posible. Traté de economizar pero garantizando una nutrición suficientemente saludable, tuve ayuda de mi prima nutrióloga. También debo resaltar que no tengo estufa de gas. Para cocinar solo tengo una olla eléctrica (Instant Pot), un horno de microondas, y un pequeño refrigerador. 

También, las fechas navideñas provocaron que varias comidas del mes fueran en fiestas o de ""recalentado"". Por eso digo que fue un ""aproximado"", contabilicé las comidas que hice con esos 500 pesos, y las dividí por un total de cuatro comidas diarias, lo que dio los 19 días ""netos"".

&#x200B;

Ahora, cómo fueron los gastos. Para empezar mi alacena no estaba en ceros, tenía varias cosas guardadas, pero para fines del experimento solo tome condimentos (sal, pimienta, especies varias, ajo, cebolla), agua potable y dos kilos de mandarinas. A esto le di un valor aproximado de 100 pesos

El primer día me fuí a Bodega Aurrerá, que se supone es la tienda más barata. Ahí compré 1 kg de arroz, 1 kg de lentejas, 2.5 kg de pollo (muslo y pierna), 1 kg de avena y 3 litros de leche, para un total de 191 pesos.

No me gustó la verdura de ahi, así que fui a mi tienda de preferencia por 1 kg de jitomate, tres pepinos, una lechuga y 1 kg de huevo, para un total de 60.5 pesos

Hasta ese momento, 351.5 pesos.

&#x200B;

¿Qué comía en el día? Cuatro comidas, que variaban de orden pero basicamente eran dos cosas: Media taza de avena con una taza de leche mas ensalada, o media taza de arroz con media taza de lentejas y carne de pollo o dos huevos cocidos. No suena a lo mas glamouroso, pero cumplía con alimentarme. Las mandarinas me duraron dos semanas.

En opinión de la nutrióloga, no es la mejor dieta, pero cumple. Las lentejas ayudan, pero falta mas fruta (por antioxidantes y otros nutrientes) y mas proteína. Aunque a corto plazo es una dieta suficiente, no es recomendable a largo plazo. Necesita tambien mas variedad de verduras (lechuga, pepino y jitomate es lo que consumía).

&#x200B;

Eventualmente compré un kg mas de lentejas (el arroz rinde un poco mas, y me gustan mas las lentejas, la proporción de media taza cada uno empezó a variar) y más verdura, gastándome 107 pesos, alcanzando una cifra de 458.5 pesos.

También se terminó el pollo y el huevo, así que por ultimo compré 50 pesos de pollo (otra vez, muslo y pierna). Al día de hoy. y mientras escribo este post, estoy comiendo mi ultima ración de arroz con lentejas, ya no tengo verdura ni carne desde ayer, y queda como medio puño de avena. Doy por concluído el experimento con las siguientes conclusiones:

&#x200B;

\- Yo esperaba durar quince días, pero subestime la duración de los granos

\- 500 pesos para 19 días da un aproximado de 26.5 pesos por día. Alguna vez había hecho el ejercicio teórico y había calculado 23 pesos.

\- Falta un gasto que aun no calculo por no tener el recibo de luz a la mano. Pero la energía consumida para cocinar también debe tomarse en cuenta al calcular el costo real de todo el proceso, ya sea electricidad o gas.

\- Si algo me desanimaba a seguir el experimento era la cantidad de trastes por lavar. Al cocinar toda la comida, y usar recipientes para guardar y transportar, se ensucia mucho más de lo que estaba acostumbrado.

\- Muy recomendable. Almacenar cosas por prudencia. Además de condimentos, tener granos en la alacena te puede salvar la vida y el bolsillo si alguna vez te ves en la necesidad. Mejor comprar un kilo de arroz y no usarlo, que quedarte sin comer en alguna eventualidad.

&#x200B;

¿Opiniones? ¿Preguntas?

Edit: gracias gente desconocida de Internet por el oro. Ahora puedo comprar más lentejas","https://www.reddit.com/r/mexico/comments/epmhr1/me_alimenté_aproximadamente_19_días_por_500_pesos/","874","Ah, órale. ","2020-01-16 17:29:55"
"810","asjaq3","False","Imagenes","39","Emmet culero","mexico","","https://i.imgur.com/eYl0Vbx.jpg","876","Olovergo ","2019-02-20 03:24:37"
"811","9v3zah","False","Videos","105","Mexico has set a new world record for installing the most solar panels in a single day","mexico","","https://www.facebook.com/WEFvideo/videos/10155479362381479/","877","¿Demasiado largo, no ví: cuántos? ","2018-11-07 22:11:47"
"812","aqa979","False","Imagenes","92","Perfection","mexico","","https://i.redd.it/k0n9ojd4ydg21.jpg","875","Ese plan venia funcionando desde 2000, cuando el condon puso de pelele de gobierno al gansito para hecharle bronca a don votas y te vas. ","2019-02-13 19:16:33"
"813","aib9fa","False","Imagenes","30","En el Castillo de Chapultepec","mexico","","https://i.redd.it/9hybylmcrsb21.jpg","879","Ese don Porfis tenía buen gusto. ","2019-01-21 15:44:14"
"814","acz133","False","Imagenes","95","Estrategias vergas.","mexico","","https://i.redd.it/cgnli9rsjo821.jpg","875","Oh, ya seles acabo la gasolina en mexico? ","2019-01-05 22:22:22"
"815","9r07ox","False","Imagenes","62","Bajan.","mexico","","https://i.redd.it/0zr2t93s95u11.jpg","876","Yo solo veo la opresion al pobre macho pollo, mucha risa y todo pero que dirian si fuera una POLLA  eh?! ahi si pegan de gritos las feminazis, no dejemos que el patriarcado caiga muchachos, salgamos en defensa de los pollos. ","2018-10-24 14:34:35"
"816","d6fqib","False","","284","Jamás me algo me había ofendido tanto.","mexico","","https://v.redd.it/islzrdir6kn31","874","ITT los ofendidos que no saben cocinar, se ve bien bueno ","2019-09-19 15:34:26"
"817","ds14ss","False","Imágenes","112","""Prioridad""","mexico","","https://i.redd.it/1ofe2nwa4ww31.jpg","871","Me gusta la mención del altar vacío, el vacío donde antes había valores y significado.
La economía pues, hasta alemania entra en recesión. Fue inevitable tras la demente impresión de dinero por parte de gordito Carstens y sus contrapartes en la FED y EZB.
El narco, sin legalización de tooooodas las drogas es el rey indisputo.
El el twit es el reddit del hombre rico y poderoso ","2019-11-05 15:58:07"
"818","e38aef","False","Imágenes :vsd:","48","Conjunción de la Luna, Venus y Jupiter desde mi azotea, CDMX","mexico","","https://i.imgur.com/wLB9zEt.jpg","871","Me gusto mucho la foto hermano y salidos de Seattle ","2019-11-29 02:29:47"
"819","a81whl","False","Imagenes","190","Ningún chile les embona","mexico","","https://i.redd.it/hntsc9mpph521.jpg","874","¿Soy el único aquí al que le encantó ""A la mala"" y ""Hazlo como hombre""? ","2018-12-20 20:10:50"
"820","grlaxf","False","","76","Doña metal","mexico","","https://v.redd.it/owzn6jk8ob151","867","La cagaron juntando como 3 canciones al mismo tiempo. ","2020-05-27 15:01:52"
"821","dqeyyc","False","Imagenes","15","Mini altar [OC]","mexico","","https://i.redd.it/lm0wrjtfz6w31.jpg","867","ta dos trikis ","2019-11-02 03:26:44"
"822","d4kxqs","False","Imagenes","18","La bandera ondeando en Rockefeller Plaza el 15 de septiembre. Que viva México!","mexico","","https://imgur.com/xKX7xS2","871","yo creí que gente en México se percató que la fecha realmente perdio su significado.

acaso sucedió algo recientemente que amerite la celebración?

(Pregunta seria) ","2019-09-15 14:12:21"
"823","a4mmr0","False","Videos","59","Así es como se fundó la CDMX","mexico","","https://gfycat.com/UnacceptableNarrowCuckoo","872","Himno del América de fondo... ","2018-12-09 17:20:18"
"824","7hemh2","False","Imagenes","110","Everyone's hometown","mexico","","https://i.redd.it/q8ltjd1wpt101.jpg","866","Faltan las pintas a favor del AMLO en el mobiliario publico donde solo cambian el año, así como la propaganda del candidato local de MORENA donde se nota lo bien que le salio la cirugía estética para parecerse al AMlO. ","2017-12-04 03:18:48"
"825","arnjtn","False","Meme","65","Apachurra F para dar tus respetos...","mexico","","https://i.redd.it/jv4v8cyhc6h21.jpg","867","esta mamada de ""F"" es de grupos autistas tipo Legio Hulk y Testigos de Lillith. Cada vez cae mas bajo  r/Mexico  ","2019-02-17 18:46:35"
"826","8g1m9z","False","Imagenes","21","...","mexico","","https://i.redd.it/0o3zbjem83v01.jpg","863","¿Qué piensan realmente de su presidente, creen que él es bueno en lo que hace, creen que Trump es una amenaza para su país (antes de ser golpeado en la cabeza con comentarios de odio por gustar a Trump, tendré usted sabe que eso es todo lo contrario). ","2018-04-30 18:19:44"
"827","95ghd5","False","Imagenes","42","Este mural en la Colonia Roma","mexico","","https://i.redd.it/ilacryht2re11.jpg","864","Roma en tierra Chilanga, no? No me parece conocida, o sea, no he visto nada así en la Roma, pero de Monterrey. ","2018-08-07 22:48:32"
"828","bt2yzj","False","Imagenes","46","La Venganza del Norte","mexico","","https://i.imgur.com/kNnTEGA.jpg","860","Ni le enseñen esto a los mods totalitarios de /r/polandball... los corren de reddit si los ven dibujando brazos, bocas y pupilas! ","2019-05-26 02:46:57"
"829","astbji","False","Humor","89","México en un universo paralelo.","mexico","","https://v.redd.it/acyvrfpw9sh21","859","Así desde que Amlo es presidente  ","2019-02-20 20:31:51"
"830","9i5n45","False","","58","El paso del gigante","mexico","","https://v.redd.it/qzkblnewswn11","869","El gran tesoro un todas nuestras vidas. ","2018-09-23 03:49:20"
"831","9e5dcm","False","Imagenes","91","Juarez, Juarez, Juarez.","mexico","","https://imgur.com/ZuYC3Yh.jpg","861","Divo de Juárez ","2018-09-08 16:16:33"
"832","7p45db","False","Imágenes","68","Si esto lo ven en r/The_Donald se mueren","mexico","","https://i.redd.it/s9o2m1jvjy801.jpg","866","De hecho en T_D muchos mexicanos somos muy bien recibidos. El problema que tienen es con la migración ilegal, y con justa razón.

Two terms! ","2018-01-09 03:02:58"
"833","eqgy4z","False","","123","Elementos de la SEIDO Le dicen a Ciudadano que ""Sus Hijos Van a Ver Lo Que Le Va a Pasar"" por que les pide que no obstruyan el paso peatonal","mexico","","https://v.redd.it/lh39sqvpqjb41","863","ME DUELES MÉXICO ! ","2020-01-18 14:23:46"
"834","95mmwj","False","Ask Mexico","140","Dear Mexico, Thanks for loaning us your heroes! Love, Ontario","mexico","[https:\/\/www.nationalobserver.com\/2018\/08\/03\/news\/mexico-sends-hundreds-its-firefighters-help-battle-ontario-blazes](https://preview.redd.it/vq3uvngvtve11.jpg?width=1280&format=pjpg&auto=webp&s=0f81a5efbed74f3a33293cc1b808b2e2f02e28f6)","https://www.reddit.com/r/mexico/comments/95mmwj/dear_mexico_thanks_for_loaning_us_your_heroes/","861","You know what you can do to thank us?

HIRE US! ","2018-08-08 14:47:34"
"835","hffb83","False","Política","165","Los estadounidenses: maestros de la diplomacia","mexico","","https://i.redd.it/m3br7vfy7z651.jpg","862","Parece falso pero gracias por el intento bot ","2020-06-25 03:34:07"
"836","df9kzf","False","Imagenes","86","Mariguansitos","mexico","","https://i.redd.it/v43v8djszer31.jpg","858","Recomendado para niños, que no quieran crecer, ni les importe nada. ","2019-10-09 01:01:34"
"837","b2l169","False","Humor","23","Bee-nito Juarez","mexico","","https://i.redd.it/sronqew8qwm21.jpg","864","Heroe de la ReBeelucion Mexicana. ","2019-03-18 16:50:42"
"838","cslanp","False","Imagenes","50","Cancun","mexico","","https://i.imgur.com/85zYGon.jpg","853","Tulum > Cancún ","2019-08-19 18:37:34"
"839","9c9pcw","False","Imagenes","157","Ya le pedí la mano a mi querida mexicana. Viva Mexico!!","mexico","","https://i.redd.it/n1n1kiftcrj11.jpg","861","[removed] ","2018-09-02 05:05:19"
"840","byitkk","False","Humor :snoo_smile:","94","Tratando de arreglar el desmadre, Mi México mágico, sucedió en Plaza patria","mexico","","https://v.redd.it/6xekdvj13b331","853","[deleted] ","2019-06-09 10:16:11"
"841","d0vljp","False","Humor :snoo_smile:","21","Un betta muy mexicano","mexico","","https://i.redd.it/yrkqadv781l31.jpg","852","Y asi es como se pasa de ser Beta a Alfa ","2019-09-07 12:52:04"
"842","9lo5ne","False","Imagenes","17","Escudo Mexicano en una sola linea (crosspost de r/vexillology)","mexico","","https://i.redd.it/ursla6hideq11.png","853","mexitamarindocanadiensechevrolet
esta bien chingon
gracias
https://imgur.com/a/OrQlIDq ","2018-10-05 17:07:42"
"843","dvt36c","False","AMLO","91","Las pausas de AMLO se prestan chingón para unas risas de sitcoms","mexico","","https://streamable.com/9l60b","854","oigan qué onda pensé que este era un grupo de cosas sobre México, no de spam anti-AMLO jaja ","2019-11-13 15:10:54"
"844","h0o9x6","False","Imágenes","98","MX 2020","mexico","","https://i.redd.it/y3pvhmhne6451.jpg","855","La merkadotecnia prianista apenas se da cuenta despurs de setentra años ","2020-06-11 00:31:26"
"845","gyy8jc","False","Noticias","104","'We'll disappear you': Mexican protesters recount terror of police abduction","mexico","","https://www.theguardian.com/world/2020/jun/08/well-disappear-you-mexican-protesters-recount-terror-of-police-abduction","848","[deleted] ","2020-06-08 12:16:29"
"846","bf70l9","False","Meta","95","r/mexico hablando de México en un post mexicano VS r/mexico hablando de México en un post hecho por un extranjero.","mexico","","https://i.redd.it/3yflecn3obt21.png","848","Solo Veracruz es bello. ","2019-04-20 01:36:26"
"847","eztggq","False","Política","159","Salvemos el internet!","mexico","

https://salvemosinternet.mx/

El anteproyecto presentado por el Instituto Federal de Telecomunicaciones México pretende:

1. Censurar el internet: Los lineamientos abren la puerta a que autoridades puedan ordenar el bloqueo de aplicaciones, contenidos y servicios en Internet a petición expresa o por “situaciones de emergencia o seguridad nacional”.

2. Los lineamientos permiten a los proveedores de acceso a Internet (PAI) –Telmex, Izzi, AT&T, entre otros– llegar a acuerdos comerciales para darle trato preferencial al tráfico de sus socios. Esto le da a estas compañías el poder de convertirse en ‘cadeneros’ de Internet, favoreciendo a unos y perjudicando a otros según sus intereses comerciales.

3. Invasión a la privacidad
Para discriminar entre las aplicaciones, contenidos y servicios priorizados y los no priorizados, los PAI podrían monitorear el tráfico de Internet mediante técnicas como la inspección profunda de paquetes, invadiendo tu privacidad.

4. Opacidad e impunidad
Los lineamientos no contemplan medidas suficientes de transparencia y monitoreo para evitar y sancionar que las empresas violen la neutralidad de la red.

Entren al link y firmen, compartan, tenemos hasta el 6 de Marzo para firmar! 

Alternativamente pueden participar en la consulta en el sitio web de la IFT:  http://www.ift.org.mx/industria/consultas-publicas/consulta-publica-sobre-el-anteproyecto-de-lineamientos-para-la-gestion-de-trafico-y-administracion

Edit: Aquí está el Link del anteproyecto de Lineamientos de Gestión de Tráfico del IFT: 

http://www.ift.org.mx/sites/default/files/industria/temasrelevantes/13791/documentos/1documentoenconsultapublicaanteproyectodelineamientos.pdf

Edit 2: Muchas gracias por mis primeros y posiblemente únicos oro y plata!","https://www.reddit.com/r/mexico/comments/eztggq/salvemos_el_internet/","846","La privacidad es indispensable, pero después de 3 años de quitada la NN en EEUU siguen mame y mame con que quitando ésta el Internet como lo conocemos se va a acabar. Update: no ha pasado. ","2020-02-06 14:56:19"
"848","9w8wal","False","Imagenes","50","Todo hijo mexicano","mexico","","https://i.redd.it/b9jr7s2ojsx11.jpg","849","¿qué tiene que ver pikachu con eso? ","2018-11-12 00:03:17"
"849","7ykl4e","False","Imagenes","72","Increíble descubrimiento arqueológico","mexico","","https://imgur.com/xMdIQwV","848","OP sacaste esto de 2008 loquendoposting? ","2018-02-19 05:57:26"
"850","71rp9h","False","Imagenes","180","Un pequeño homenaje para una enorme campeona","mexico","","https://i.redd.it/uudbsh30dgnz.jpg","849","¿Rescate a toda costa?

Si para ella es un juego, y no lo hace sola es un binomio, humano-canino. ","2017-09-22 15:25:34"
"851","5i5z51","False","Imagenes","70","Ahora que China y México quieren fortalecer lazos comerciales tras la victoria de Trump","mexico","","https://i.redd.it/9mgajyv69e3y.jpg","851","Es triste erre mejico ","2016-12-13 20:29:51"
"852","dsom76","False","Meme","54","La vieja confiable","mexico","","https://i.redd.it/c7ybr83ih5x31.jpg","846","Atleast he's better than peña nietos dumbass ","2019-11-06 23:28:19"
"853","asrxks","False","Cultura","99","[Historia] El Magnicidio del Sr. Colosio (Lomas Taurinas, BC 1994)","mexico","","https://i.redd.it/64tuqv47qrh21.jpg","847","Y por qué carajo le pusieron esas madres en los ojos? Tampoco entendí eso. ","2019-02-20 18:40:47"
"854","er0hi3","False","Tweet :tweet:","90","While Mexico was fixated on the president’s plans to raffle off the presidential aircraft, 10 indigenous musicians were murdered in the heroin-producing heartland of Chilapa, Guerrero – their bodies found in their burnt-out vehicle","mexico","","https://twitter.com/el_reportero/status/1218610404923867136?s=19","847","Mientras no se legalicen todas las drogas asi va a seguir esto. Esa es la politica publica que todos deberíamos impulsar en las urnas y como exigencia ciudadana. Hasta el final. Hasta que se legalice todo de una manera u otra (no todo se legaliza igual, una por una ""las"" ""drogas"" pueden irse regulando y/p su consumo sustituirse por cosas que de el gobierno o el mercado regulado). ","2020-01-19 18:58:53"
"855","e1i32h","False","Cultura","125","Para todos los que dicen que su libro es inservible","mexico","","https://i.redd.it/ihgqinvyvu041.jpg","843","El libro no es un libro de texto sobre economía bola de ignorantes. Ustedes sólo hablan porque tienen hocico. ","2019-11-25 16:06:07"
"856","cg5oql","False","Imagenes","66","ASP: El ""ángel de la independencia"" es Nike (la diosa griega del triunfo) haciendo acto de coronación al pueblo mexicano por su triunfo independentista","mexico","","https://imgur.com/9q5uxus","852","[deleted] ","2019-07-21 23:32:50"
"857","8t5pcz","False","Imagenes","40","Todo listo para mañana","mexico","","https://i.redd.it/7ro1mkmdxm511.jpg","846","Muerte a Corea !! ","2018-06-22 23:13:49"
"858","dlgoml","False","Humor :snoo_smile:","68","Ya compraron su troca huachicolera raza?","mexico","","https://i.redd.it/d2golkylx2u31.jpg","845","repollo ","2019-10-22 11:40:22"
"859","chi2v1","False","Imagenes","129","San Diego | Tijuana","mexico","","https://i.redd.it/nvso972s7dc31.jpg","847","[deleted] ","2019-07-25 03:00:46"
"860","9symcr","False","Imagenes","57","Lo encontré en Twitter, Spooky conchas!!","mexico","","https://i.redd.it/uvztstz5uiv11.jpg","844","¿Qué tienen de spooky?

Consígase un diccionario, compa. ","2018-10-31 13:16:03"
"861","5ms8x9","False","Imagenes","71","Tipos de chiles, frescos y secos","mexico","","https://i.reddituploads.com/779aa1a742f546e9b7243fb475af39b8?fit=max&h=1536&w=1536&s=4a37c82bf797ddca378348a774930507","847","Se nota que el gobierno hace enojar al pueblo cuando se desatan las lluvias de memes y post sin sentido,  tenemos el país que merecemos.  ","2017-01-08 18:24:25"
"862","e4mx1o","False",":pp: Cultura","115","Hola r/mexico, desde r/argentina les deaseamos un feliz dia","mexico","Hoy desde [r/argentina](https://www.reddit.com/r/argentina/) tenemos la iniciativa de saludar a los demás subreddits de países sin ningún motivo en particular.

&#x200B;

Muchos en nuestro subreddit estarán felices de conversar y saber más sobre su hermoso país, o contestar dudas o inquietudes acerca del nuestro.

&#x200B;

Feliz dia

&#x200B;

P.D: el automod removio el primer post","https://www.reddit.com/r/mexico/comments/e4mx1o/hola_rmexico_desde_rargentina_les_deaseamos_un/","844","Gracias boludo pelotudo, ¿cuántas copas tenés? ","2019-12-01 20:12:58"
"863","av53d4","False","Imagenes","92","Desde el piso 35 del World Trade Center, la ciudad sin smog. Por cierto, qué hermosa ciudad, visitante de Monterrey aquí.","mexico","","https://i.redd.it/oh3u8p4rhzi21.jpg","844","si puedes pásate a ver un show en el golden men’s no te vas a arrepentir, y ya hablando en serio, de Mty sale gente chida, acá somos bien pueblerinos ","2019-02-26 21:52:01"
"864","9wpzha","False","","66","Sierra Madre nevada","mexico","","https://v.redd.it/d4mp8t2c94y11","842","esta hasta la madre de nevada la sierra ","2018-11-13 15:27:40"
"865","dfqadr","False","Imagenes","90","Buenas noches!","mexico","","https://i.redd.it/9p1so1aa1mr31.jpg","835","Se ve bueno, lo necesito para el frio aqui en Colorado ","2019-10-10 00:42:32"
"866","aaxds4","False","","360","72% de mexicanos cree más en rituales y amuletos que en ciencia","mexico","","https://www.adn40.mx/noticia/moda/nota/2018-12-30-06-00/72--de-mexicanos-cree-mas-en-rituales-y-amuletos-que-en-ciencia/?fbclid=IwAR2AAdciHFb342FVW_uB0KDPRcVLDDyFgC2yMm8pjzcDOf5saf0IAX38Gdc","834","not in english, have a downvote ","2018-12-30 16:46:17"
"867","9n2cxz","False","","48","My SO's dad is in Mexico on holiday and just sent us this","mexico","","https://v.redd.it/ztp8mbcnmdr11","841","KE AZE TU ZUEGRO AI ","2018-10-10 18:57:12"
"868","98xe47","False","Meme","32","Subiendome al tren del mame","mexico","","https://i.redd.it/392sot9gabh11.jpg","836","Aquí tiene su voto negativo señor.

De nada. ","2018-08-20 20:55:31"
"869","bdtr9n","False","Imagenes","54","Atardecer en Chihuahua, Chih.","mexico","","https://i.redd.it/dr13313blms21.jpg","835","Parece Cumbres (MTY) ","2019-04-16 13:09:58"
"870","9m0gf0","False","","62","Holaaaaaa","mexico","","https://v.redd.it/al5hmyeacnq11","834","literal, típico mexicano que se enfoca en lo malo ","2018-10-06 23:05:18"
"871","g0utgx","False","Mal Título","137","La diferencia","mexico","","https://i.redd.it/fk394k91dos41.jpg","839","Corona es gripa! Te estan mentiendo no saben? ","2020-04-14 00:04:50"
"872","9931nv","False","Meta","197","I was in Mexico for a while and I saw this bread appear on your subreddit. Can someone explain what is so funny about a piece of pastry?","mexico","","https://i.redd.it/3u4w4yzj5gh11.jpg","838","Its made as a women pussy. ","2018-08-21 13:16:40"
"873","fad2mc","False","","94","La compañía más antigua de cada país (aún en funcionamiento) - la de México es la más antigua de Norte América.","mexico","","https://businessfinancing.co.uk/wp-content/uploads/World-Map_The-Oldest-Company-in-Every-Country_World.png","835","La razón por la que la más nueva (al menos la que vi) es de Kosovo es por el reciente reconomiento internacional que tuvo como país o por qué fue primera empresa en ese territorio? ","2020-02-27 14:44:03"
"874","f2iqum","False","Imagenes","127","¿Será?","mexico","","https://i.redd.it/3lepnexa8eg41.jpg","834","Gobierno Fallido, vayanse a la ver.... ","2020-02-12 01:11:00"
"875","chozry","False","Imagenes","58","Solo en México: súplica, amenaza, y anuncio en el mismo cartel...","mexico","","https://i.redd.it/lrp52ki7ugc31.jpg","837","Con la reciente alza en los precios del papel, no me extraña. Gracias 4T! ","2019-07-25 15:11:54"
"876","9s9vqt","False","Deportes","42","¡MÉXICO DERROTA JAPÓN PARA GANAR EL CAMPEONATO MUNDIAL DE BÉISBOL SUB-23!","mexico","","https://i.redd.it/mirr14uwt1v11.jpg","834","chupa mi juevos pinches nopales stay in mexican pinche mojados TRUMP TRUMP TRUMP!! HACER EL FRONTERIZO!! USA NO QUIERES PINCHES MOJADOS Jajajajaja ","2018-10-29 04:04:55"
"877","71jurq","False","Imagenes","19","Mexicanos ayudando bajo la lluvia a las víctimas del terremoto","mexico","","https://i.redd.it/6bcgdcps79nz.jpg","827","Lloviendo sobre mojado… ","2017-09-21 15:24:22"
"878","bxqofp","False","Imagenes","123","Les pido su ayuda porfavor","mexico","","https://i.redd.it/90z26qqz8v231.jpg","835","[removed] ","2019-06-07 04:58:25"
"879","af8pp3","False","","298","Mientras tanto en Telcel...","mexico","","https://v.redd.it/xfsy7u8ln0a21","831","Puto telcel de mierda  ","2019-01-12 16:10:05"
"880","8t2hmn","False","Imagenes","97","Asi algunos el fin pasado","mexico","","https://i.imgur.com/KWvdXEX.jpg","833","[OP indicándonos que no le gusta el balón pie](https://k61.kn3.net/taringa/2/8/0/8/8/9/68/agustinheytnes/FA7.gif) ","2018-06-22 16:03:33"
"881","aoysls","False","Meta","45","Dos mundos distintos","mexico","","https://i.redd.it/s0p655350nf21.jpg","825","Entonces soy de la corriente valeverguista de este pais. ","2019-02-10 00:39:20"
"882","63t29t","False","Imagenes","47","¿Cuántos más, Google? ¿Cuántos más?","mexico","","https://i.redd.it/5ohp8724vxpy.jpg","830","Peng stop shitposting pls ","2017-04-06 13:56:46"
"883","5qddd3","False","","99","HIGH ENERGY!","mexico","","https://pbs.twimg.com/media/A1qufZbCIAEC1SO.jpg","827","Y'all are aware this guy is basically a drug cartel stooge, right? ","2017-01-26 22:36:48"
"884","f29c7t","False","Humor :snoo_smile:","116","El Cacas-circus","mexico","","https://v.redd.it/vr4jdha15bg41","828","bueno al menos le pusieron ganas jajajaja ","2020-02-11 14:50:53"
"885","cgj66i","False","Humor :snoo_smile:","37","AMLO y Proceso","mexico","","https://i.redd.it/p89ki0pp8xb31.png","832","Si saben que actualmente una de las dueñas de Proceso es cuñada de Calderón, verdad? ","2019-07-22 21:18:31"
"886","9ytmtn","False","Cultura","132","Orgullo Mexicano","mexico","","https://i.redd.it/twkbhawshiz11.jpg","832","Solo quiero saber si alguien más aquí aparte de mi sabe que esto es broma.. sé que casi es obvio pero he visto mucha gente que parecer creer que es real ","2018-11-20 16:23:25"
"887","8v5p9v","False","Info","785","PREP 2018 - Elecciones Presidenciales","mexico","Elecciones Presidenciales 2018.

Se sincroniza cada 15 minutos.

Candidato | Votos | Porcentaje
--|--|--
Ricardo Anaya Cortés | 10,249,705 | 22.4982%
José Antonio Meade Kuribreña | 7,472,431 | 16.402%
**Andrés Manuel López Obrador** | **24,127,451** | **52.96%**
Margarita Ester Zavala Gómez del Campo | 64,643 | 0.1418%
Jaime Heliodoro Rodríguez Calderón | 2,339,431 | 5.135%
Candidatos No Registrados | 57,561 | 0.1263%
Nulos | 1,246,568 | 2.7362%

Total de Votos: 45,557,790 | Actas Computadas: 93.5628%
## [Resultados en Gráfica](https://i.imgur.com/vuTnrVl.png)
*****
^Sincronización ^Final: ^08-07-2018 ^a ^las ^15:15:02 ^| [^Código ^Fuente](https://github.com/PhantomInsights/prep-2018)","https://www.reddit.com/r/mexico/comments/8v5p9v/prep_2018_elecciones_presidenciales/","827","Espero que esta vez no voten por un maricon escondido como hicieron la última vez!!! ","2018-06-30 23:02:45"
"888","bk3wzj","False","Imagenes","33","Cómo enseñarle a tu sobrino geografía","mexico","","https://i.redd.it/05w3j54b1xv21.jpg","827","Metapod encima de un perro no Pokémon. El que lo hizo pudo haber puesto un Herdier que es un Pokémon. ","2019-05-03 03:30:30"
"889","awuxli","False","Imagenes","37","Es como el área 51 o Narnia","mexico","","https://i.redd.it/w5htbbh59xj21.jpg","828","estas insinuando que todos los tlaxcaltecas estan adentro del closet? o solo que son ""raritos""? ","2019-03-03 15:24:13"
"890","gbn7kl","False","Humor :snoo_smile:","50","Despensas de narcos","mexico","","https://i.redd.it/a4jumsfc27w41.jpg","821","[deleted] ","2020-05-01 18:11:31"
"891","c8acw6","False","Humor :snoo_smile:","53","Un día como hoy pero del año pasado en r/mexico","mexico","","https://i.redd.it/rff9yw8oow731.jpg","825","Tu mama es muy gorda!!!!! 💪🏾👁👄👁👌🏾 ","2019-07-02 15:08:38"
"892","fddsni","False","Política","99","Prioridades.","mexico","","https://i.redd.it/qk15e1e32ok41.png","819","Alch van a ver que van a haber un buen de mujeres en la calle para el 9 como si nada. Por qué buscar una excusa para no ir a trabajar/estudiar? Cuando podrían cerrarle la boca a todos produciendo más que nunca y sacando las mejores calificaciones para demostrar lo necesarias que son las mujeres en la sociedad ","2020-03-04 14:30:50"
"893","f3s7pl","False",":piolin: Meme","107","¿Que tiene de bueno la tonta Texas?","mexico","","https://i.redd.it/euiokz7rq3w31.png","824","Los Bush vienen de texas. Para opiniones impopulares: me parece perfecto que los gringos se hayan hecho el daño de quedarse con ese nido de bastardos incestuosos y evangélicos radicales con IQ negativo. ","2020-02-14 13:31:56"
"894","8wf2ul","False","Imagenes","213","El espejo del baño de un alemán (mexicano de 1.67 for scale)","mexico","","https://i.redd.it/2bto7xlpo7811.jpg","825","1.88 m

Duranguense master race. ","2018-07-05 23:10:51"
"895","dn5q7c","False","Imagenes","53","Sólo en México","mexico","","https://i.redd.it/96o4piyuuru31.png","819","[deleted] ","2019-10-25 23:29:30"
"896","8xcnoo","False","Imagenes","66","Santa María del Oro, Nayarit","mexico","","https://i.redd.it/dd714em6xx811.jpg","824","el agua falsamente azul  ","2018-07-09 15:24:56"
"897","bxho47","False","Meme","37","Mientras tanto, en el norte...","mexico","","https://i.redd.it/gx55ne8z2r231.jpg","824","Cuando dijeron que estaban más americanizados no pensé que se refirieran a que también son global warming deniers. ","2019-06-06 14:57:27"
"898","ds8t8n","False","Humor :snoo_smile:","32","Sirenoman y Chico Percebe ¡SE UNEN!","mexico","","https://i.redd.it/n8doxb6quyw31.jpg","821","¿Quieres Venir a Estudiar CANADA?  
 aquí te decimos cómo...  
   
 • Te ofrecemos las mejores instituciones educativas en Canadá  
 • Analizamos tu perfil para ofrecerte el programa que mejor se adapte a tus necesidades   
 • ¡Hacemos el proceso de aplicación ante la institución educativa por ti!  
 ¿Te interesa? Llámanos al +16477970440 o escríbenos un correo a info@chaimglobalally.com y te pregunta por tu asesoría gratuita. ","2019-11-06 01:10:07"
"899","cftnw2","False","Imagenes","60","Esta temporada de lluvias junto con mi hermano sembramos el árbol número 200 el día de hoy, es poco pero con todas las ganas del mundo de hacer un poco de diferencia, sembramos árboles de Teca, Parotas, Ceibas, Tabachines, Melina, Tulipanes y Jacarandás.","mexico","","https://i.redd.it/mscorsrh9kb31.jpg","821","[deleted] ","2019-07-21 01:39:07"
"900","92xfm3","False","Imagenes","161","It's not Ghost Recon, es Infantería Mexicana","mexico","","https://i.redd.it/gg4xcjygwxc11.jpg","820","¿Cuántas mujeres salen en la foto? ","2018-07-29 19:45:15"
"901","a119ih","False","Imagenes","33","The endangered Mexican Alligator Lizard","mexico","","https://i.imgur.com/pOAkGOl.jpg","813"," El **lagarto arbóreo terrestre** o **lagarto alicante terrestre** (***Abronia graminea***), es una [especie](https://es.wikipedia.org/wiki/Especie) de [saurópsido](https://es.wikipedia.org/wiki/Sauropsida) del [orden](https://es.wikipedia.org/wiki/Orden_(biolog%C3%ADa)) de los [escamosos](https://es.wikipedia.org/wiki/Squamata) que pertenece a la [familia](https://es.wikipedia.org/wiki/Familia_(biolog%C3%ADa)) de los [ánguidos](https://es.wikipedia.org/wiki/Anguidae). Es endémica de [México](https://es.wikipedia.org/wiki/M%C3%A9xico).[1](https://es.wikipedia.org/wiki/Abronia_graminea#cite_note-rep-1)​ La única área natural protegida en donde se conoce ocurre es el [Área Natural Protegida Pico de Orizaba](https://es.wikipedia.org/wiki/Parque_nacional_Pico_de_Orizaba), en el estado de [Veracruz](https://es.wikipedia.org/wiki/Veracruz).   [https://es.wikipedia.org/wiki/Abronia\_graminea](https://es.wikipedia.org/wiki/Abronia_graminea)

¡Oh, qué bonito es! No lo conocía. Otra razón más para proteger los ecosistemas llenos de diversidad que tenemos en este país. ","2018-11-28 01:18:22"
"902","butzx7","False","Imágenes","57","[OC] Jardín Escultórico de Edward James en Xilitla, San Luis Potosí.","mexico","","https://i.imgur.com/bvsiU05.jpg","812","**Firelink shrine** ","2019-05-30 14:42:25"
"903","5qa28z","False","Ask Mexico","453","Hola, mis amigos...A plea from an American brother...","mexico","Hello my dear friends,

As an admirer of the beauty your country possesses: from the landscapes, the beaches, the sun rises, the language and of course the women, please accept my most sincere apology for the words and actions of the national embarrassment known as trump, as well as his supporters.   

Please know that only a small minority of the country voted for this horrible disgrace.  Only around 63 mil. people voted for this abomination.  That's compared to over 300 mil. people in the US.  Indeed, it is a horror that even that many people are so filled with ignorance, anti-intellectualism, and hate that they would vote for this person, but it is still such a small minority.

That being said, the largest majority of the US loves Mexico and its citizens.  We love to have your people in our country as we love to be in your country.  Please share this sentiment with all the people you know, so that everyone knows that only a small amount of people in the US are complete fucking morons.  The rest love your country and your people.  Thanks, cheers. ","https://www.reddit.com/r/mexico/comments/5qa28z/hola_mis_amigosa_plea_from_an_american_brother/","813","The wall just got 10 feet higher ","2017-01-26 13:13:05"
"904","gqeq9v","False","Imágenes","28","SAN Guillermo del Toro","mexico","","https://i.redd.it/7ca1rg460y051.jpg","817","Fui a la prepa con su sobrina. Estaba rebuena. ","2020-05-25 17:03:34"
"905","a7yhkg","False","Imagenes","111","You.","mexico","","https://i.redd.it/67zl7cic7f521.jpg","819","[deleted] ","2018-12-20 14:34:12"
"906","a59kw6","False","Elecciones","115","Cuando cobras tu primer quincena y empiezas a gastar dinero en pendejadas. MORENA IRL.","mexico","","https://i.redd.it/ei8p8pgc1p321.jpg","814","No mamen! Qué se supone que están anunciando?  ","2018-12-11 18:40:17"
"907","9iscxa","False","OC","273","[OC] Analice 36,795 ofertas de empleo del mes de Agosto y estos son los resultados.","mexico","","https://i.redd.it/2y3iphwg4eo11.png","809","El único problema que veo está en las Horrografías que te aventaste. ","2018-09-25 13:59:38"
"908","8mjgj6","False","Imagenes","68","I found another Mexican army button 200 meters from the other one! This one says London best quality on the back.","mexico","","https://i.redd.it/6ud1b8p4tf011.jpg","819","que mamadores contestando todos en inglés ","2018-05-27 17:56:49"
"909","e83s9b","False","Imágenes :vsd:","18","Morelia, México","mexico","","https://i.redd.it/xv0obvi9si341.jpg","813","Alguien que photoshopie a un mariachi en medio . ","2019-12-09 02:47:30"
"910","ahor4c","False","Imagenes","152","Y por eso Mexico no avanza...","mexico","","https://i.redd.it/xgcezjk7cfb21.jpg","810","Toda la gasolina en Mexico es robada. PEMEX es socialismo y el socialismo es robo. 

El petróleo no le pertenece a mexico, le pertenece a la gente que lo trabaja. Esto si es culpa del estado, tal vez no culpa del pendejo de AMLO pero si del gobierno. 

Privaticen PEMEX.  ","2019-01-19 18:36:13"
"911","azdfiv","False","Imagenes","134","Hace meses les compartí que me casaría en Pakistán, fui a Lahore. Me case con ahora mi esposa, estoy muy orgulloso y feliz, quería mandarles saludos México!","mexico","","https://i.redd.it/0fesnmwbv8l21.jpg","814","¿Qué tiene este post que ver con México o cómo es de interés general? Regla 1 del sub ","2019-03-10 07:32:39"
"912","f4jwdh","False","Videos","60","C me tahs","mexico","","https://i.imgur.com/W8vjbey.gifv","806","Aguacate. Fuchi. No ","2020-02-16 02:14:40"
"913","e3hqmk","False","","44","El lobo mexicano deja la lista de especies extintas 🐺🇲🇽","mexico","","https://www.eluniversal.com.mx/ciencia-y-salud/el-lobo-mexicano-deja-la-lista-de-especie-extinta","812","Si aún estuviera el prian seguro ya hasta los conejos estarían en peligro de extinción.
Se ven los logros y cuando se quiere hacer las cosas bien ","2019-11-29 17:27:01"
"914","cywf20","False","Imagenes","59","Que Nesquick ni que Nada","mexico","","https://i.redd.it/nlvcoqz8g9k31.jpg","806","el charro tiene chichis? Parecen lesbianas.... Mmmmh bien adelantados que nos paso? ","2019-09-02 22:54:11"
"915","dpp3cm","False","Imagenes","93","Solo en México","mexico","","https://i.redd.it/nh4zwerz9wv31.png","812","Ni siquiera en el propio JAPÓN que es donde nació y cuna del anime y lo otaku se puede esto. ","2019-10-31 15:25:36"
"916","ba3ra0","False","Imagenes","87","Nueva España (1600)","mexico","","https://i.redd.it/7r65vee9zmq21.jpg","812","O como se conoce el dia de hoy, la mapa de violar mujeres Indigenas y free tierras. ","2019-04-06 12:20:24"
"917","8xsitn","False","Imágenes","233","México es más progresista que EU","mexico","","https://i.redd.it/5kgrjq8wa6911.jpg","806","Mas bien, Kim Jong Il ","2018-07-10 19:35:48"
"918","ctmt2g","False","Imágenes","28","Le maúllan en la otra caja.","mexico","","https://i.redd.it/qcdgczeh6vh31.jpg","810","r/catswithjobs ","2019-08-21 20:46:25"
"919","ckxfl3","False","Meme","38","Cuiden a sus abuelitas XD","mexico","","https://i.redd.it/fvh9f3bhuxd31.png","809","No vuelvas a usar XD nunca más en tu vida ","2019-08-02 01:27:49"
"920","cazq51","False","Imagenes","56","Cuando vas a Asia y te dicen ""traeme algo""","mexico","","https://i.imgur.com/Ta0dK6c.jpg","808","Hahaha los niños de secundaria tienen acceso a reddit? qué pedo con este thread y sus respuestas ","2019-07-09 11:38:25"
"921","caef46","False","Imagenes","37","mensaje claro y conciso (visto en la Condesa)","mexico","","https://i.redd.it/9srv12p3az831.jpg","810","Mensaje patrocinado por el CCC (Chicos Cool Condeshi) ","2019-07-08 00:56:27"
"922","fj7nkg","False","Imagenes","25","mexico no se deja apantallar por los chinos","mexico","","https://i.redd.it/0k817ffx8wm41.jpg","808","[deleted] ","2020-03-15 20:11:13"
"923","gjdtna","False","Deportes :aguigol:","84","Bajando en bici hacia la ciudad","mexico","","https://i.redd.it/0o8g2ygw9ny41.jpg","807","Que pueblo más culéy. Cdmx para siempre. ","2020-05-14 02:50:16"
"924","cxwqpn","False","Imagenes","102","3 doritos despues..","mexico","","https://imgur.com/a5UTvOf","803","Los putos chilangos pendejos son los unicos osados en poner ese pinche comentario tonto de los 3 doritos ...y pretender que los tomen en serio al igual que ese tweet tonto y la mente maestra que lo hizo...ambos estan igual de mongoles ","2019-08-31 15:22:01"
"925","cjlnul","False","Meme","83","Shitpost","mexico","","https://i.redd.it/p4tpvaobvcd31.jpg","811","Este post deberia darte verguenza, jovencito. ","2019-07-30 02:55:06"
"926","g9080p","False","Imágenes","169","México con el lugar más bajo en pruebas de C0VID-19 entre países de la OECD","mexico","","https://i.redd.it/hp50x3dsycv41.jpg","801","Me vale madre ","2020-04-27 12:59:37"
"927","esu2hq","False","Imagenes","116","Somalia con tacos.","mexico","","https://imgur.com/qS97hj8","807","[deleted] ","2020-01-23 14:47:00"
"928","8eya13","False","Humor","115","Heheheh.","mexico","","https://i.redd.it/3ihfj65175u01.jpg","803","Uy así que chiste U\_U ","2018-04-25 23:50:15"
"929","96j9r2","False","Imagenes","130","Fui a unos tacos en Japón y el menú incluía instrucciones para comerlos.","mexico","","https://i.redd.it/dy2w0szgpif11.jpg","803","Novatos  ","2018-08-11 19:43:45"
"930","hce2dh","False",":piolin: Meme","54","¿Cómo como?","mexico","","https://i.redd.it/loq8kvt87z551.png","803","El español es la lengua más horrible de todas T.T ","2020-06-20 02:26:25"
"931","e7tqed","False","Imagenes","43","Acapulco, Mexico circa 1628","mexico","","https://i.redd.it/lqzimo9k4c341.jpg","805","*Acapulco, Guerrero. ","2019-12-08 13:31:52"
"932","cvakfz","False","Imágenes","61","Ceremonia Maya","mexico","","https://i.redd.it/pg7hfobefmi31.jpg","802","r/AccidentalRenaissance ","2019-08-25 16:24:19"
"933","a5e68n","False","Imagenes","27","Señora, ¡se le está escapando!","mexico","","https://i.redd.it/0eiua98lkr321.jpg","808","Que lastima que ahora todos los chamacos otacos nomas quieren esos Groots. ","2018-12-12 03:11:30"
"934","a24mtf","False","Imagenes","53","México hoy","mexico","","https://i.redd.it/t384n0w16p121.jpg","804","Que hueva la gente que ""despide"" a Peña con nostolgia solo porque esta bien bruto y se la paso regandola. 
Ya que nos lleve Huitzilopochtli ","2018-12-01 16:58:21"
"935","fjevml","False","Imagenes","99","México mágico e imb*cil","mexico","","https://i.redd.it/u7itpadnmym41.jpg","803","Esta mujer al menos se ponía la mascarilla. Muy bien. ","2020-03-16 04:11:44"
"936","bc0dfc","False","Videos","180","Ayer un conductor tiró basura en la calle de mi Monterrey; yo nomás puse la basura en su lugar. :)","mexico","","https://www.youtube.com/watch?v=qnQy3KEWLzc","801","Ewe, p-p-pero, vas en medio de los carriles.   
Ewe, p-pero, pero eso es ilegal.   


Dejen de mamar, cabrones. En Monterrey nos vale verga todo, pinches leyes por los huevos, pero nomas no me tires basura porque te vergueo. ","2019-04-11 14:14:15"
"937","7vchtd","False","Imagenes","77","La mandó a la verga.","mexico","","https://i.redd.it/2rkgc1xotbe01.jpg","803","[deleted] ","2018-02-05 05:01:48"
"938","6o1o5a","False","Imagenes","92","Hasta los suizos saben que las Q×××××××××s llevan Q×××o!!!!","mexico","","https://i.redd.it/bn44ry8cidaz.png","802","Las quesadillas de queso también son quesadillas ... (vengan los downvotes) ","2017-07-18 15:57:52"
"939","a4ei7e","False","","17","Oi ese cumbión.","mexico","","https://v.redd.it/vl6u90ca43321","799","r/EyeBleach ","2018-12-08 20:59:43"
"940","fbvxmq","False","Imagenes","39","Cachanilla","mexico","","https://imgur.com/ZEip92R","800","No sabía que había mucho sidoso por aya, o será meme racista vs los haitianos? ","2020-03-01 15:57:57"
"941","b5wgjo","False","Imagenes","45","Aunque en su defensa ya pidió permiso a la madre tierra...","mexico","","https://i.redd.it/hsz3xorgkjo21.jpg","802","Estás comparando la masacre de la conquista con una obra de actual gobierno federal?... ","2019-03-26 22:43:28"
"942","8rd1dz","False","Imagenes","75","Muchas gracias.","mexico","","https://i.redd.it/81yri0xce7411.jpg","801","Cuando Mexislang 2 now with memes? ","2018-06-15 18:05:51"
"943","eq4gl4","False","Imagenes","20","Mariachi en Vancouver","mexico","","https://i.redd.it/qnf96l5t2ab41.jpg","791","Obra de arte ","2020-01-17 18:41:38"
"944","9o4vob","False","Imagenes","89","hacienda mucuyche, para que se animen a visitar Yucatán","mexico","","https://i.imgur.com/4oqvCji.jpg","797","No pongan fotos bonitas  que ya me dio la winter depression  :(  ","2018-10-14 18:06:41"
"945","9khfr5","False","Imagenes","663","#AbortoLegal","mexico","","https://i.redd.it/238fbjfpglp11.jpg","792","Estoy totalmente de acuerdo con que si tienes diabetes por un pésimo estilo de vida y no meramente como enfermedad hereditaria el gobierno no te pague tu tratamiento. Sin embargo no tiene sentido comparar una enfermedad con un embarazo.  ","2018-10-01 15:41:59"
"946","afrbp4","False","Imágenes","25","Xochimilco, ayer en la tarde","mexico","","https://i.redd.it/0as8sa8o0ba21.jpg","801","Que muladar ","2019-01-14 03:00:17"
"947","enw21i","False",":piolin: Meme","106","A-🥚","mexico","","https://i.redd.it/v03moamnufa41.jpg","798","Baja california ya sera un pais independiente de mexico :v .... Todos viviendo en las montañas. ","2020-01-13 00:13:10"
"948","cwk5wm","False","Imagenes","85","La venganza","mexico","","https://i.redd.it/3ryyc772i6j31.jpg","794","¿Venganza? Supongo que es referencia a la bandera, claro, como la bandera de México tiene un cuervo... (chairos incoming a decir que los cuervos son los politicos) ","2019-08-28 12:32:25"
"949","c2iqtk","False","Imagenes","55","Me ayudan a compartirlo por favor es mi familiar. Gracias","mexico","","https://i.redd.it/6rnzujpg4c531.jpg","788","Jajajaja no, pero eso es de años, además las noticias en vivo por facebook y las otras redes llevan poco menos de un año. Eso es bueno, todo al momento. ","2019-06-19 15:51:28"
"950","ayv410","False","Imagenes","173","Lo bueno es que ""no se necesita"" un nuevo aeropuerto","mexico","","https://i.redd.it/oiypjo69jyk21.jpg","793","Lo que urge es que la gente se vaya de CDMX. Sí saben que hay más país? ","2019-03-08 20:46:45"
"951","fafn9g","False","Humor :snoo_smile:","59","No tendremos retrovirales pero tenemos:","mexico","","https://i.redd.it/ehac38rm5ij41.jpg","796","Deprimente ","2020-02-27 17:35:24"
"952","clwjbr","False","Humor :snoo_smile:","24","Policía de confianza","mexico","","https://gfycat.com/chillyblissfulacouchi","794","Repoisimo. ","2019-08-04 13:53:10"
"953","9nkz7o","False","","117","Cuatro niños festejando el tecercer gol de México vs Costa Rica","mexico","","https://v.redd.it/utyfdeh0rrr11","796","So sad. ","2018-10-12 14:59:13"
"954","f4c8sd","False","Imagenes","44","Frida, siempre en nuestros corazones","mexico","","https://i.redd.it/2j1i3cqzg3h41.jpg","787","No manches, Frida..! :V ","2020-02-15 17:07:21"
"955","bc4rpc","False","Imagenes","64","pura finura","mexico","","https://i.redd.it/yu44o6xb3pr21.jpg","793","Amo mi país. ","2019-04-11 20:30:25"
"956","8dbbhv","False","Imágenes","105","Mi mamá me encontró esta camiseta en un tianguis...","mexico","","https://i.redd.it/jehsv48szrs01.jpg","793","Totalmente de acuerdo  ","2018-04-19 02:22:37"
"957","961310","False","Meme","91","Al natural","mexico","","https://i.redd.it/wpevge7a75f11.jpg","785","haciendo sus cupcakes los putos ","2018-08-09 22:18:29"
"958","8b182k","False","Imagenes","41","Monte Albán alineado (lo mejor que pude) con el billete de 20","mexico","","https://i.redd.it/fqy2mwbipxq01.jpg","786","You know what great photography is usually? It’s poor people. Right? That’s all it ever– It’s just poor people– It’s a poor person proud of something. Freed Armisen :)  ","2018-04-09 19:28:38"
"959","fa0hk3","False","","36","Güero presenciando por primera vez una banda de mariachi.","mexico","","https://v.redd.it/6mpe42sjsaj41","788","Es muy difícil creer que un güero Americano no haya visto un Mariachi. ","2020-02-26 21:20:22"
"960","h9twdo","False","Noticias","82","Forbes nombra a Doña Ángela del canal de Youtube ""De mi rancho a tu cocina"" como una de las 100 mujeres más poderosas de México en el 2020 por su aportación a la cultura gastronómica del país.","mexico","","https://www.forbes.com.mx/mujeres-poderosas-2020-dona-angela-influencia-gastronomica-rancho/amp/","783","eh ","2020-06-16 01:44:23"
"961","foteen","False","Imágenes","26","Asi se despidieron en un cinepolis de Guadalajara","mexico","","https://i.redd.it/8mr64zvtjuo41.jpg","786","Se mamaron ","2020-03-25 16:37:02"
"962","cfpiek","False","Imagenes","82","Los gringos nos están alcanzando!","mexico","","https://i.redd.it/2w9297d9igb31.jpg","787","Wait people still believe this pseudoscience horseshit? ","2019-07-20 19:04:59"
"963","a2xig7","False","","49","[X-post de r/WatchPeopleDieInside] Momento exacto cuando cada uno de los líderes mundiales se da cuenta que ""el trompas"" firmó mal el nuevo TLCAN","mexico","","https://v.redd.it/bx8riznw06221","788","Es Fake news como siempre. Y como siempre todos aquí se la tragan enterita. ","2018-12-04 05:13:03"
"964","9y1pbs","False","Humor","147","La situación literal de México con la caravana hondureña.","mexico","","https://v.redd.it/y5usdplokzy11","793","nos merecemos eso y mas por pendejos ","2018-11-18 00:45:54"
"965","9p3ler","False","Imágenes","70","¿Me da una rusa con chipotle?","mexico","","https://i.redd.it/26fydqkxtts11.jpg","789","[deleted] ","2018-10-17 23:02:09"
"966","8rjdxx","False","","58","Campañas presidenciales versión batalla Pokémon.","mexico","","https://v.redd.it/s4oxqufu6d411","785","Cabla habla blah blah 
taco taco burrito despacito ","2018-06-16 13:37:32"
"967","g6qwyp","False","Humor :snoo_smile:","44","En los cuarteles de la Red ANLO","mexico","","https://i.redd.it/if05xp3nrlu41.png","781","Facts: No hay bots de derecha. No existen. ","2020-04-23 17:30:15"
"968","fq382a","False","Imágenes","36","La ciudad de México en tiempos difíciles, chingón quien tomo esta obra de arte 👌","mexico","","https://i.redd.it/hdt1dfsfj9p41.jpg","781","Dat smog ","2020-03-27 19:01:38"
"969","8lkq2v","False","","171","¡¡Yo también tengo los Huaraches bien puestos!!","mexico","","https://v.redd.it/fycma8sltmz01","784","Todo iba bien hasta que dijo que se iba a graduar como ingeniera textil y diseño de modas...Me suena a que no tendra mucha chamba terminando su carrera....

Edit: Estos chavos ya no saben ni porque downvotear /r/twoxchromosomes se está liqueando...  ","2018-05-23 16:28:26"
"970","hc3b82","False","Política","326","AMLO ordenó liberar a Ovidio Guzmán, hijo de ""El Chapo""","mexico","","https://www.eluniversal.com.mx/nacion/politica/amlo-ordeno-liberar-ovidio-guzman-hijo-de-el-chapo","789","[deleted] ","2020-06-19 16:02:26"
"971","fwywrx","False","Imágenes","161","""Teorías de conspiración"" presenta:","mexico","","https://i.redd.it/cjwaemsqjir41.jpg","786","[deleted] ","2020-04-08 03:28:21"
"972","fs1m57","False","OC","77","Encontré la receta de panqué de mi abuela, se las comparto, que su casa huela tan rico como la mía después de hacer panqué.","mexico","","https://i.redd.it/01gy7tuz7wp41.jpg","785","Encontraste las recetas del nazi de la sopa. O.O ","2020-03-30 23:18:24"
"973","dancd9","False","Imagenes","29","Hoy, El Triste soy yo","mexico","","https://i.redd.it/o5e6ldja3fp31.jpg","783","vengan los bajivotos! que no fue un pinche producto de telerisa? ","2019-09-28 23:12:56"
"974","czdok5","False","Imagenes","46","Viva.... México....","mexico","","https://i.redd.it/fzsruz3i6hk31.jpg","781","Por lo que me doy cuenta nada los tiene contentos. Primero Peña Nieto y luego esto? Pues que chingados esperaban? ","2019-09-04 00:54:53"
"975","8n4x8z","False","Imagenes","53","Hard to imagine","mexico","","https://i.redd.it/ebwyx8pdkw011.jpg","781","Huele a hipster  ","2018-05-30 02:17:59"
"976","89zemc","False","Imagenes","131","It makes everyone happy...","mexico","","https://i.redd.it/a0vvu3uv63q01.jpg","782","XD ","2018-04-05 12:49:19"
"977","hcnej2","False","Noticias","132","ayer en Caborca sonora hubo fuertes balaceras, incendio de vehículos y de una gasolinera, no hay presencia del ejercito ni de la marina.","mexico","","https://v.redd.it/k07vsmz7u2651","780","Pero cero estado fallido verdad u/Nobody_Funeral ","2020-06-20 14:44:26"
"978","bs7qkm","False","Meme","81","Relevante con respecto al Noroña vs Twitter","mexico","","https://i.redd.it/p80tskkcr0031.jpg","781","Humor pendejo de secundaria, que hueva. ","2019-05-23 20:17:45"
"979","ebeit2","False","Imágenes :vsd:","191","Así era Zapata","mexico","","https://i.redd.it/ert524b4oz441.jpg","776","Yo no entiendo porque muchos no entienden con su ""que tenia de malo"". 

Zapata en todos lados siempre sale muy masculino, esa es su figura e imagen, el vato era muy masculino (si era gay o no es otra cosa), pintarlo afeminado obviamente ofende su imagen y a varia gente, porque es tan dificil de entender? ","2019-12-16 12:27:18"
"980","bxm2b5","False","Imagenes","77","Frijoles de consolación","mexico","","https://i.redd.it/rnztv7xtxs231.jpg","784","Para los que no vivimos en Mexico, yo aceptaria esos frijoles con mucho gusto cualquier dia de la semana. ","2019-06-06 21:12:11"
"981","bvc2j3","False","Imagenes","60","r/mexico in a nutshell","mexico","","https://i.redd.it/5fnpvgbxpl131.jpg","779","“Chequear” es como cuando dices “Cambear, Copear” ","2019-05-31 19:51:14"
"982","7hng6u","False","Imagenes","62","Nicholas Cage luchó por nuestra Independencia","mexico","","https://i.redd.it/hscw4o3mc1201.jpg","777","[deleted] ","2017-12-05 04:59:36"
"983","as48vr","False","Humor","61","Lo hemos logrado r/mexico!","mexico","","https://i.redd.it/pkabzw9p7fh21.png","780","O sea hablando de política disminuye la delincuencia. Éxito.  ","2019-02-19 00:36:49"
"984","2wzk19","False","Imágenes","82","Some love for Mexico, and Mexican immigrants","mexico","","http://i.imgur.com/pmaPCrA.jpg","775","Scumbag Inarritu... talks bout building a government when he no longer lives in Mexico. Due to corruption/violence, a shady entertainment industry controlled by Televisa and powers that be, and not wanting to raise his Autistic son in Mexico due to a lack of support/resources for people with disabilites, left the country to live somewhere else. Don't get me wrong, am glad paisano is successful, just don't be a f*cking hypocrite. ","2015-02-24 13:37:43"
"985","ha4b74","False","Noticias","155","“Sólo atiendes a la mamá del Chapo”: el colérico reclamo a López Obrador de los familiares de desaparecidos en México","mexico","","https://www.infobae.com/america/mexico/2020/06/16/solo-atiendes-a-la-mama-del-chapo-el-colerico-reclamo-a-lopez-obrador-de-los-familiares-de-desaparecidos-en-mexico/","776","si no te metes con el narco ellos no se meten contigo ","2020-06-16 13:46:27"
"986","efk473","False","Humor :snoo_smile:","138","No sean mal pensados. Tal vez es un iPhone 3G que le regalaron sus familiares de USA.","mexico","","https://i.redd.it/njwtih9prt641.jpg","771","el iphone salio hace muchos años. ","2019-12-25 18:47:31"
"987","9utkjo","False","Imagenes","71","Encuestas de salida, elecciones 2018 en EUA, según la prensa fifí","mexico","","https://i.redd.it/i4v9wot2msw11.png","771","Pues mira que cosas, en las Federales MORENA saco un porcentaje identico y dejo en ridiculo a los canayines ","2018-11-06 23:13:28"
"988","fseong","False","Noticias","115","“A ella la busca y a nosotros nos cierra las puertas”: familiares de víctimas reclaman a AMLO saludo a madre del Chapo","mexico","","https://www.animalpolitico.com/2020/03/familiares-victimas-reclaman-amlo-saludo-madre-chapo-guzman/","774","Qué dramáticos, es una adulta mayor queriendo ver a su hijo. Ese dolor no lo conocen en el sub ","2020-03-31 15:16:06"
"989","7fwkvc","False","Imagenes","42","Upvote Peso Doggo","mexico","","https://i.redd.it/3h6v4jd8uj001.jpg","768","opbouteado. ","2017-11-27 17:01:31"
"990","a3s28z","False","Humor","47","Cabello largo en México","mexico","","https://i.redd.it/aq4x4g4cyp221.jpg","775","[deleted] ","2018-12-06 20:42:12"
"991","9exmmp","False","Imagenes","56","Concha conchamacos","mexico","","https://i.redd.it/ds5sv65j4ml11.jpg","773","pinches memes chafas ","2018-09-11 13:38:08"
"992","gkbj6x","False","Tweet :tweet:","164","AMLO presume que es más probable que mueras asesinado que contagiado [Link Reparado]","mexico","","https://twitter.com/vampipe/status/1261294649785933831?s=20","766","Igual no se ustedes, pero yo prefiero morirme rápido y sin dolor de un balazo que tener una muerte lenta y desesperante por querer respirar un poquito y ahogarme en el intento. O sea, morirse está jodido siempre, pero hasta en eso hay de maneras a maneras. ","2020-05-15 15:45:56"
"993","gdcd6f","False","Política","180","AMLO es cuestionado sobre los ventiladores comprados al hijo de Barlett","mexico","","https://v.redd.it/i5wnmqfp9rw41","771","Muchas critican que AMLO no hace nada, pero la verdad es que el ya hizo más que la mayoría de funcionarios de administraciones pasadas al confrontar a las periodistas y no mandar a censurar como en sexenios pasados y cuando SFP investigue ahí nos vamos a dar cuenta si en verdad nadie está por encima de la ley. ","2020-05-04 14:15:10"
"994","81sqik","False","Imagenes","114","Mi papá en Vietnam en 1967. Si sabía que existía esa foto porque pues era su cámara, entonces no lloró. Espero que aquí sea el lugar correcto para publicarla.","mexico","","https://i.redd.it/9udetfk6ylj01.jpg","766","era el friolero del pelotón no sabes? la carrilla que le deben de a ver aventado los asesinos de bebes amarillos. ","2018-03-03 20:27:18"
"995","h000f8","False","Imagenes","75","Espectacular en Jalisco","mexico","","https://i.redd.it/t63fuhqs8z351.jpg","769","Hay que ir a hecharle gasolina en la noche ","2020-06-10 00:26:07"
"996","96qvos","False","Imagenes","46","old school cool Mexico (Merida)","mexico","","https://i.imgur.com/UJVZ8n7.jpg","768","r/nosleep ? ","2018-08-12 17:52:26"
"997","71gnjd","False","Imagenes","104","Well played, pinches provincianos, well played : )","mexico","","https://i.redd.it/3t8c74c4t5nz.jpg","768","[spoiler](http://es.meme.wikia.com/wiki/Meme_Forzado) ","2017-09-21 03:57:40"
